question,answer,contexts,ground_truth,ground_truths,context_precision,context_recall
我想休年假怎么弄？,"根据公司制度，员工入职满一年后可享受带薪年假。年假原则上应在当年使用，确因业务原因无法休完的，可按公司制度顺延或折算处理。

具体操作流程如下：

1. **确认资格**：您需要先确认自己是否已入职满一年，以满足年假资格。
2. **准备材料**：明确您的休假时间、事由等信息，并准备好相关附件（如需）。
3. **发起申请**：在公司指定系统中发起年假申请流程。
4. **直属主管审核**：您的直属主管将对申请进行必要性审核，判断是否符合当前业务目标和团队资源安排。
5. **归口部门审核**：相关部门将对申请进行制度合规性审核。
6. **审批通过**：审批通过后，您将收到通知，并在系统中记录关键节点和执行结果。
7. **休假执行**：按照审批结果安排休假。

如果在操作过程中遇到问题，可以咨询直属主管或流程负责人。同时，请注意，所有流程均应在公司指定系统中发起和留痕，口头沟通不能替代审批记录。

如有其他疑问，欢迎随时咨询。","['员工入职满一年后可享受带薪年假。年假原则上应在当年使用，确因业务原因无法休完的，可按公司制度顺延或折算处理。婚假、产假、陪产假和丧假按国家法律法规及公司制度执行。\n\n## 薪酬与福利\n\n员工薪酬由基本工资、岗位工资、绩效奖金和专项补贴组成。公司每月十日发放上月工资，如遇节假日则提前至最近工作日发放。绩效奖金根据岗位目标完成情况、团队贡献和公司经营情况综合确定。\n\n公司为正式员工缴纳五险一金，并提供年度体检、节日福利、团建活动和学习补贴。加班需提前申请并经主管确认，符合制度要求的加班可安排调休或按规定结算。\n\n## 绩效考核与晋升\n\n公司按季度进行绩效考核，考核内容包括目标完成度、工作质量、协作表现、创新改进和价值观行为。绩效等级通常分为优秀、良好、合格和待改进。考核结果将影响绩效奖金、调薪、晋升和培训资源分配。\n\n晋升评估一般每半年组织一次，员工需在当前岗位持续稳定产出，并具备下一岗位所需能力。晋升材料包括工作成果、项目贡献、能力证明和主管评价。晋升不是只看工作年限，而是看职责承担能力和实际贡献。\n\n## 员工行为规范'
 '章节：大型模拟企业制度知识库（约10万字） > 公司治理与组织管理 - 公司愿景 > 人力资源与员工关系 - 考勤休假\n\n### 人力资源与员工关系 - 考勤休假\n考勤休假制度用于规范人力资源与员工关系相关事项的申请、审批、执行、留痕和复盘。该制度强调流程透明、职责明确、数据完整和风险前置识别，适合日常运营、跨部门协作、项目交付和审计检查等场景。\n1. 适用范围包括正式员工、试用期员工、实习生、外包人员以及经授权访问公司系统的合作伙伴。制度执行时应以业务连续性、风险可控和责任清晰为原则。\n2. 所有流程均应在公司指定系统中发起和留痕，口头沟通只能作为辅助说明，不能替代审批记录。涉及资金、客户数据、源代码、合同文本和员工个人信息的事项必须保留完整操作日志。\n3. 申请人负责保证提交材料真实、完整、及时；直属主管负责判断业务必要性和资源合理性；职能部门负责制度合规性审核；最终审批人对审批结果承担管理责任。\n4. 常见异常包括材料缺失、审批链路错误、超期提交、预算不足、权限范围过大、交接不完整和重复申请。发现异常后应先暂停执行，再补充说明并重新提交审批。\n5. 系统记录是后续审计、复盘和责任界定的重要依据。任何人不得绕过系统私自处理，也不得要求他人代填、代签、代审批或删除真实记录。\n6. 若制度条款与法律法规、客户合同或监管要求存在冲突，应优先遵循更严格的要求，并及时通知法务、人力资源或信息安全负责人进行确认。'
 '章节：大型模拟企业制度知识库（约10万字） > 公司治理与组织管理 - 公司愿景 > 人力资源与员工关系 - 考勤休假\n\n操作流程：\n步骤1：发起人确认业务背景、目标、范围、预算或资源需求，并准备必要附件。\n步骤2：直属主管进行必要性审核，重点判断事项是否符合当前业务目标和团队资源安排。\n步骤3：归口部门进行制度审核，确认材料、权限、金额、合同、数据范围或交付边界是否合规。\n步骤4：审批通过后由责任人执行，并在系统中记录关键节点、执行结果和异常情况。\n步骤5：流程完成后进行归档，必要时组织复盘，将可复用经验更新到团队知识库。\n\n典型场景：\n- 员工首次遇到该事项时，应先查阅制度说明，再咨询直属主管或流程负责人，避免因理解偏差造成返工。\n- 跨部门协作场景下，发起部门应提前说明背景、目标、截止时间、影响范围和所需支持，接收部门应在一个工作日内确认是否能够承接。\n- 紧急场景可以先通过电话或即时通讯同步风险，但事后两个工作日内必须补齐系统记录、审批附件和处理结论。\n- 如果事项涉及客户承诺，应先确认合同边界和服务等级，不得擅自承诺超出合同范围的交付内容、响应时间或赔偿条件。\n- 如果事项涉及个人信息、敏感商业数据或公司核心资产，应遵循最小权限原则，只授权完成任务所必需的人员和时长。\n- 流程结束后，负责人应沉淀处理经验，将常见问题、判断标准和注意事项更新到知识库，供后续团队复用。'
 '章节：大型模拟企业制度知识库（约10万字） > 公司治理与组织管理 - 公司愿景 > 人力资源与员工关系 - 考勤休假\n\n风险控制：\n- 风险点一：审批缺失会导致责任无法追溯，严重时可能形成财务、合同或信息安全风险。\n- 风险点二：材料不完整会影响处理效率，也会导致后续稽核无法证明事项真实性。\n- 风险点三：权限长期不回收会增加数据泄露和误操作概率，应定期盘点。\n- 风险点四：跨部门信息不一致会导致重复劳动、客户体验下降或项目延期。\n- 风险点五：制度执行只看形式不看业务目标，会造成流程空转，应在合规前提下保证效率。\n\n常见问答：\n问：是否可以先执行后审批？\n答：原则上不可以。只有紧急事故、客户重大风险或系统中断等特殊情况可以先处理，但必须补充审批和说明。\n问：审批被退回怎么办？\n答：申请人应根据退回原因补充材料或调整方案，不得重复提交相同内容，也不得绕过原审批链路。\n问：谁负责最终解释？\n答：由制度归口部门负责解释；涉及多个部门时，由归口部门牵头会同法务、人力资源、财务或信息安全共同确认。\n问：历史制度与新制度不一致怎么办？\n答：以最新发布且仍在有效期内的制度为准，特殊项目可按合同或项目批复执行。\n\n补充说明：编号 KB-0009 的条款可作为内部问答、RAG检索、流程机器人和员工自助服务的参考依据。回答用户问题时，应优先引用与问题最相关的条款；如果知识库没有明确依据，应说明信息不足，不应编造制度。'
 '章节：大型模拟企业制度知识库（约10万字） > 公司治理与组织管理 - 公司愿景 > 人力资源与员工关系 - 离职交接\n\n风险控制：\n- 风险点一：审批缺失会导致责任无法追溯，严重时可能形成财务、合同或信息安全风险。\n- 风险点二：材料不完整会影响处理效率，也会导致后续稽核无法证明事项真实性。\n- 风险点三：权限长期不回收会增加数据泄露和误操作概率，应定期盘点。\n- 风险点四：跨部门信息不一致会导致重复劳动、客户体验下降或项目延期。\n- 风险点五：制度执行只看形式不看业务目标，会造成流程空转，应在合规前提下保证效率。\n\n常见问答：\n问：是否可以先执行后审批？\n答：原则上不可以。只有紧急事故、客户重大风险或系统中断等特殊情况可以先处理，但必须补充审批和说明。\n问：审批被退回怎么办？\n答：申请人应根据退回原因补充材料或调整方案，不得重复提交相同内容，也不得绕过原审批链路。\n问：谁负责最终解释？\n答：由制度归口部门负责解释；涉及多个部门时，由归口部门牵头会同法务、人力资源、财务或信息安全共同确认。\n问：历史制度与新制度不一致怎么办？\n答：以最新发布且仍在有效期内的制度为准，特殊项目可按合同或项目批复执行。\n\n补充说明：编号 KB-0013 的条款可作为内部问答、RAG检索、流程机器人和员工自助服务的参考依据。回答用户问题时，应优先引用与问题最相关的条款；如果知识库没有明确依据，应说明信息不足，不应编造制度。']",员工遇到休假或请假事项时，应先查阅制度说明并在公司指定系统中提交申请，说明背景和所需事项；直属主管审核业务必要性，归口部门按制度进行合规审核，流程完成后应留痕归档。,['员工遇到休假或请假事项时，应先查阅制度说明并在公司指定系统中提交申请，说明背景和所需事项；直属主管审核业务必要性，归口部门按制度进行合规审核，流程完成后应留痕归档。'],0.6791666666496875,1.0
这个审批被退回了，我能不能换个人直接批？,根据知识库中的常见问答内容，审批被退回后，申请人应根据退回原因补充材料或调整方案，不得重复提交相同内容，也不得绕过原审批链路。因此，不能直接换个人审批，必须按照原审批流程处理。,"['章节：大型模拟企业制度知识库（约10万字） > 公司治理与组织管理 - 公司愿景 > 人力资源与员工关系 - 薪酬福利\n\n风险控制：\n- 风险点一：审批缺失会导致责任无法追溯，严重时可能形成财务、合同或信息安全风险。\n- 风险点二：材料不完整会影响处理效率，也会导致后续稽核无法证明事项真实性。\n- 风险点三：权限长期不回收会增加数据泄露和误操作概率，应定期盘点。\n- 风险点四：跨部门信息不一致会导致重复劳动、客户体验下降或项目延期。\n- 风险点五：制度执行只看形式不看业务目标，会造成流程空转，应在合规前提下保证效率。\n\n常见问答：\n问：是否可以先执行后审批？\n答：原则上不可以。只有紧急事故、客户重大风险或系统中断等特殊情况可以先处理，但必须补充审批和说明。\n问：审批被退回怎么办？\n答：申请人应根据退回原因补充材料或调整方案，不得重复提交相同内容，也不得绕过原审批链路。\n问：谁负责最终解释？\n答：由制度归口部门负责解释；涉及多个部门时，由归口部门牵头会同法务、人力资源、财务或信息安全共同确认。\n问：历史制度与新制度不一致怎么办？\n答：以最新发布且仍在有效期内的制度为准，特殊项目可按合同或项目批复执行。\n\n补充说明：编号 KB-0010 的条款可作为内部问答、RAG检索、流程机器人和员工自助服务的参考依据。回答用户问题时，应优先引用与问题最相关的条款；如果知识库没有明确依据，应说明信息不足，不应编造制度。'
 '章节：大型模拟企业制度知识库（约10万字） > 公司治理与组织管理 - 公司愿景 > 公司治理与组织管理 - 经营复盘\n\n风险控制：\n- 风险点一：审批缺失会导致责任无法追溯，严重时可能形成财务、合同或信息安全风险。\n- 风险点二：材料不完整会影响处理效率，也会导致后续稽核无法证明事项真实性。\n- 风险点三：权限长期不回收会增加数据泄露和误操作概率，应定期盘点。\n- 风险点四：跨部门信息不一致会导致重复劳动、客户体验下降或项目延期。\n- 风险点五：制度执行只看形式不看业务目标，会造成流程空转，应在合规前提下保证效率。\n\n常见问答：\n问：是否可以先执行后审批？\n答：原则上不可以。只有紧急事故、客户重大风险或系统中断等特殊情况可以先处理，但必须补充审批和说明。\n问：审批被退回怎么办？\n答：申请人应根据退回原因补充材料或调整方案，不得重复提交相同内容，也不得绕过原审批链路。\n问：谁负责最终解释？\n答：由制度归口部门负责解释；涉及多个部门时，由归口部门牵头会同法务、人力资源、财务或信息安全共同确认。\n问：历史制度与新制度不一致怎么办？\n答：以最新发布且仍在有效期内的制度为准，特殊项目可按合同或项目批复执行。\n\n补充说明：编号 KB-0006 的条款可作为内部问答、RAG检索、流程机器人和员工自助服务的参考依据。回答用户问题时，应优先引用与问题最相关的条款；如果知识库没有明确依据，应说明信息不足，不应编造制度。'
 '章节：大型模拟企业制度知识库（约10万字） > 公司治理与组织管理 - 公司愿景 > 公司治理与组织管理 - 跨部门协作\n\n风险控制：\n- 风险点一：审批缺失会导致责任无法追溯，严重时可能形成财务、合同或信息安全风险。\n- 风险点二：材料不完整会影响处理效率，也会导致后续稽核无法证明事项真实性。\n- 风险点三：权限长期不回收会增加数据泄露和误操作概率，应定期盘点。\n- 风险点四：跨部门信息不一致会导致重复劳动、客户体验下降或项目延期。\n- 风险点五：制度执行只看形式不看业务目标，会造成流程空转，应在合规前提下保证效率。\n\n常见问答：\n问：是否可以先执行后审批？\n答：原则上不可以。只有紧急事故、客户重大风险或系统中断等特殊情况可以先处理，但必须补充审批和说明。\n问：审批被退回怎么办？\n答：申请人应根据退回原因补充材料或调整方案，不得重复提交相同内容，也不得绕过原审批链路。\n问：谁负责最终解释？\n答：由制度归口部门负责解释；涉及多个部门时，由归口部门牵头会同法务、人力资源、财务或信息安全共同确认。\n问：历史制度与新制度不一致怎么办？\n答：以最新发布且仍在有效期内的制度为准，特殊项目可按合同或项目批复执行。\n\n补充说明：编号 KB-0004 的条款可作为内部问答、RAG检索、流程机器人和员工自助服务的参考依据。回答用户问题时，应优先引用与问题最相关的条款；如果知识库没有明确依据，应说明信息不足，不应编造制度。'
 '章节：大型模拟企业制度知识库（约10万字） > 公司治理与组织管理 - 公司愿景 > 公司治理与组织管理 - 组织架构\n\n风险控制：\n- 风险点一：审批缺失会导致责任无法追溯，严重时可能形成财务、合同或信息安全风险。\n- 风险点二：材料不完整会影响处理效率，也会导致后续稽核无法证明事项真实性。\n- 风险点三：权限长期不回收会增加数据泄露和误操作概率，应定期盘点。\n- 风险点四：跨部门信息不一致会导致重复劳动、客户体验下降或项目延期。\n- 风险点五：制度执行只看形式不看业务目标，会造成流程空转，应在合规前提下保证效率。\n\n常见问答：\n问：是否可以先执行后审批？\n答：原则上不可以。只有紧急事故、客户重大风险或系统中断等特殊情况可以先处理，但必须补充审批和说明。\n问：审批被退回怎么办？\n答：申请人应根据退回原因补充材料或调整方案，不得重复提交相同内容，也不得绕过原审批链路。\n问：谁负责最终解释？\n答：由制度归口部门负责解释；涉及多个部门时，由归口部门牵头会同法务、人力资源、财务或信息安全共同确认。\n问：历史制度与新制度不一致怎么办？\n答：以最新发布且仍在有效期内的制度为准，特殊项目可按合同或项目批复执行。\n\n补充说明：编号 KB-0002 的条款可作为内部问答、RAG检索、流程机器人和员工自助服务的参考依据。回答用户问题时，应优先引用与问题最相关的条款；如果知识库没有明确依据，应说明信息不足，不应编造制度。'
 '章节：大型模拟企业制度知识库（约10万字） > 公司治理与组织管理 - 公司愿景 > 公司治理与组织管理 - 经营复盘\n\n风险控制：\n- 风险点一：审批缺失会导致责任无法追溯，严重时可能形成财务、合同或信息安全风险。\n- 风险点二：材料不完整会影响处理效率，也会导致后续稽核无法证明事项真实性。\n- 风险点三：权限长期不回收会增加数据泄露和误操作概率，应定期盘点。\n- 风险点四：跨部门信息不一致会导致重复劳动、客户体验下降或项目延期。\n- 风险点五：制度执行只看形式不看业务目标，会造成流程空转，应在合规前提下保证效率。\n\n常见问答：\n问：是否可以先执行后审批？\n答：原则上不可以。只有紧急事故、客户重大风险或系统中断等特殊情况可以先处理，但必须补充审批和说明。\n问：审批被退回怎么办？\n答：申请人应根据退回原因补充材料或调整方案，不得重复提交相同内容，也不得绕过原审批链路。\n问：谁负责最终解释？\n答：由制度归口部门负责解释；涉及多个部门时，由归口部门牵头会同法务、人力资源、财务或信息安全共同确认。\n问：历史制度与新制度不一致怎么办？\n答：以最新发布且仍在有效期内的制度为准，特殊项目可按合同或项目批复执行。\n\n补充说明：编号 KB-0006 的条款可作为内部问答、RAG检索、流程机器人和员工自助服务的参考依据。回答用户问题时，应优先引用与问题最相关的条款；如果知识库没有明确依据，应说明信息不足，不应编造制度。']",不可以。审批被退回后，申请人应根据退回原因补充材料或调整方案，不得重复提交相同内容，也不得绕过原审批链路。,['不可以。审批被退回后，申请人应根据退回原因补充材料或调整方案，不得重复提交相同内容，也不得绕过原审批链路。'],0.99999999998,1.0
客户催得很急，我能不能先承诺今天一定上线？,"根据知识库中的相关规定，**原则上不可以先执行后审批**。只有在**紧急事故、客户重大风险或系统中断等特殊情况**下，才可以**先处理**，但必须**在两个工作日内补齐系统记录、审批附件和处理结论**。

如果客户催得很急，建议您采取以下步骤：

1. **立即与直属主管或流程负责人沟通**，说明当前情况和客户需求，确认是否属于紧急情况。
2. **评估是否符合“紧急事故”或“客户重大风险”的定义**，如果符合，可以**先进行必要的处理**，但需确保后续**及时补充系统记录和审批流程**。
3. **避免擅自承诺超出合同范围的交付内容、响应时间或赔偿条件**，应先确认合同边界和服务等级。
4. **在系统中发起相关流程**，并附上紧急情况说明，以便后续审计和责任界定。

请务必遵循制度要求，确保流程合规，避免因操作不当引发后续风险。","['章节：大型模拟企业制度知识库（约10万字） > 公司治理与组织管理 - 公司愿景 > 研发流程与质量管理 - 上线发布\n\n### 研发流程与质量管理 - 上线发布\n上线发布制度用于规范研发流程与质量管理相关事项的申请、审批、执行、留痕和复盘。该制度强调流程透明、职责明确、数据完整和风险前置识别，适合日常运营、跨部门协作、项目交付和审计检查等场景。\n1. 适用范围包括正式员工、试用期员工、实习生、外包人员以及经授权访问公司系统的合作伙伴。制度执行时应以业务连续性、风险可控和责任清晰为原则。\n2. 所有流程均应在公司指定系统中发起和留痕，口头沟通只能作为辅助说明，不能替代审批记录。涉及资金、客户数据、源代码、合同文本和员工个人信息的事项必须保留完整操作日志。\n3. 申请人负责保证提交材料真实、完整、及时；直属主管负责判断业务必要性和资源合理性；职能部门负责制度合规性审核；最终审批人对审批结果承担管理责任。\n4. 常见异常包括材料缺失、审批链路错误、超期提交、预算不足、权限范围过大、交接不完整和重复申请。发现异常后应先暂停执行，再补充说明并重新提交审批。\n5. 系统记录是后续审计、复盘和责任界定的重要依据。任何人不得绕过系统私自处理，也不得要求他人代填、代签、代审批或删除真实记录。\n6. 若制度条款与法律法规、客户合同或监管要求存在冲突，应优先遵循更严格的要求，并及时通知法务、人力资源或信息安全负责人进行确认。'
 '章节：大型模拟企业制度知识库（约10万字） > 公司治理与组织管理 - 公司愿景 > 研发流程与质量管理 - 上线发布\n\n操作流程：\n步骤1：发起人确认业务背景、目标、范围、预算或资源需求，并准备必要附件。\n步骤2：直属主管进行必要性审核，重点判断事项是否符合当前业务目标和团队资源安排。\n步骤3：归口部门进行制度审核，确认材料、权限、金额、合同、数据范围或交付边界是否合规。\n步骤4：审批通过后由责任人执行，并在系统中记录关键节点、执行结果和异常情况。\n步骤5：流程完成后进行归档，必要时组织复盘，将可复用经验更新到团队知识库。\n\n典型场景：\n- 员工首次遇到该事项时，应先查阅制度说明，再咨询直属主管或流程负责人，避免因理解偏差造成返工。\n- 跨部门协作场景下，发起部门应提前说明背景、目标、截止时间、影响范围和所需支持，接收部门应在一个工作日内确认是否能够承接。\n- 紧急场景可以先通过电话或即时通讯同步风险，但事后两个工作日内必须补齐系统记录、审批附件和处理结论。\n- 如果事项涉及客户承诺，应先确认合同边界和服务等级，不得擅自承诺超出合同范围的交付内容、响应时间或赔偿条件。\n- 如果事项涉及个人信息、敏感商业数据或公司核心资产，应遵循最小权限原则，只授权完成任务所必需的人员和时长。\n- 流程结束后，负责人应沉淀处理经验，将常见问题、判断标准和注意事项更新到知识库，供后续团队复用。'
 '章节：大型模拟企业制度知识库（约10万字） > 公司治理与组织管理 - 公司愿景 > 研发流程与质量管理 - 上线发布\n\n风险控制：\n- 风险点一：审批缺失会导致责任无法追溯，严重时可能形成财务、合同或信息安全风险。\n- 风险点二：材料不完整会影响处理效率，也会导致后续稽核无法证明事项真实性。\n- 风险点三：权限长期不回收会增加数据泄露和误操作概率，应定期盘点。\n- 风险点四：跨部门信息不一致会导致重复劳动、客户体验下降或项目延期。\n- 风险点五：制度执行只看形式不看业务目标，会造成流程空转，应在合规前提下保证效率。\n\n常见问答：\n问：是否可以先执行后审批？\n答：原则上不可以。只有紧急事故、客户重大风险或系统中断等特殊情况可以先处理，但必须补充审批和说明。\n问：审批被退回怎么办？\n答：申请人应根据退回原因补充材料或调整方案，不得重复提交相同内容，也不得绕过原审批链路。\n问：谁负责最终解释？\n答：由制度归口部门负责解释；涉及多个部门时，由归口部门牵头会同法务、人力资源、财务或信息安全共同确认。\n问：历史制度与新制度不一致怎么办？\n答：以最新发布且仍在有效期内的制度为准，特殊项目可按合同或项目批复执行。\n\n补充说明：编号 KB-0031 的条款可作为内部问答、RAG检索、流程机器人和员工自助服务的参考依据。回答用户问题时，应优先引用与问题最相关的条款；如果知识库没有明确依据，应说明信息不足，不应编造制度。'
 '章节：大型模拟企业制度知识库（约10万字） > 公司治理与组织管理 - 公司愿景 > 客户服务与售后支持 - 问题升级\n\n### 客户服务与售后支持 - 问题升级\n问题升级制度用于规范客户服务与售后支持相关事项的申请、审批、执行、留痕和复盘。该制度强调流程透明、职责明确、数据完整和风险前置识别，适合日常运营、跨部门协作、项目交付和审计检查等场景。\n1. 适用范围包括正式员工、试用期员工、实习生、外包人员以及经授权访问公司系统的合作伙伴。制度执行时应以业务连续性、风险可控和责任清晰为原则。\n2. 所有流程均应在公司指定系统中发起和留痕，口头沟通只能作为辅助说明，不能替代审批记录。涉及资金、客户数据、源代码、合同文本和员工个人信息的事项必须保留完整操作日志。\n3. 申请人负责保证提交材料真实、完整、及时；直属主管负责判断业务必要性和资源合理性；职能部门负责制度合规性审核；最终审批人对审批结果承担管理责任。\n4. 常见异常包括材料缺失、审批链路错误、超期提交、预算不足、权限范围过大、交接不完整和重复申请。发现异常后应先暂停执行，再补充说明并重新提交审批。\n5. 系统记录是后续审计、复盘和责任界定的重要依据。任何人不得绕过系统私自处理，也不得要求他人代填、代签、代审批或删除真实记录。\n6. 若制度条款与法律法规、客户合同或监管要求存在冲突，应优先遵循更严格的要求，并及时通知法务、人力资源或信息安全负责人进行确认。'
 '章节：大型模拟企业制度知识库（约10万字） > 公司治理与组织管理 - 公司愿景 > 客户服务与售后支持 - SLA规则\n\n风险控制：\n- 风险点一：审批缺失会导致责任无法追溯，严重时可能形成财务、合同或信息安全风险。\n- 风险点二：材料不完整会影响处理效率，也会导致后续稽核无法证明事项真实性。\n- 风险点三：权限长期不回收会增加数据泄露和误操作概率，应定期盘点。\n- 风险点四：跨部门信息不一致会导致重复劳动、客户体验下降或项目延期。\n- 风险点五：制度执行只看形式不看业务目标，会造成流程空转，应在合规前提下保证效率。\n\n常见问答：\n问：是否可以先执行后审批？\n答：原则上不可以。只有紧急事故、客户重大风险或系统中断等特殊情况可以先处理，但必须补充审批和说明。\n问：审批被退回怎么办？\n答：申请人应根据退回原因补充材料或调整方案，不得重复提交相同内容，也不得绕过原审批链路。\n问：谁负责最终解释？\n答：由制度归口部门负责解释；涉及多个部门时，由归口部门牵头会同法务、人力资源、财务或信息安全共同确认。\n问：历史制度与新制度不一致怎么办？\n答：以最新发布且仍在有效期内的制度为准，特殊项目可按合同或项目批复执行。\n\n补充说明：编号 KB-0036 的条款可作为内部问答、RAG检索、流程机器人和员工自助服务的参考依据。回答用户问题时，应优先引用与问题最相关的条款；如果知识库没有明确依据，应说明信息不足，不应编造制度。']",不能擅自承诺。涉及客户承诺时，应先确认合同边界和服务等级，不得擅自承诺超出合同范围的交付内容、响应时间或赔偿条件。,['不能擅自承诺。涉及客户承诺时，应先确认合同边界和服务等级，不得擅自承诺超出合同范围的交付内容、响应时间或赔偿条件。'],0.99999999998,1.0
如果线上故障很紧急，先处理后补记录可以吗？,"根据知识库中的相关规定，原则上不允许先执行后审批。但在紧急事故、客户重大风险或系统中断等特殊情况下，可以先处理问题，但必须在事后补充审批和说明。这种做法需确保后续有完整的记录和解释，以保证责任可追溯。

因此，如果线上故障非常紧急，可以先处理，但需尽快补全相关记录和审批流程。","['章节：大型模拟企业制度知识库（约10万字） > 公司治理与组织管理 - 公司愿景 > IT服务与信息安全 - 应急响应\n\n风险控制：\n- 风险点一：审批缺失会导致责任无法追溯，严重时可能形成财务、合同或信息安全风险。\n- 风险点二：材料不完整会影响处理效率，也会导致后续稽核无法证明事项真实性。\n- 风险点三：权限长期不回收会增加数据泄露和误操作概率，应定期盘点。\n- 风险点四：跨部门信息不一致会导致重复劳动、客户体验下降或项目延期。\n- 风险点五：制度执行只看形式不看业务目标，会造成流程空转，应在合规前提下保证效率。\n\n常见问答：\n问：是否可以先执行后审批？\n答：原则上不可以。只有紧急事故、客户重大风险或系统中断等特殊情况可以先处理，但必须补充审批和说明。\n问：审批被退回怎么办？\n答：申请人应根据退回原因补充材料或调整方案，不得重复提交相同内容，也不得绕过原审批链路。\n问：谁负责最终解释？\n答：由制度归口部门负责解释；涉及多个部门时，由归口部门牵头会同法务、人力资源、财务或信息安全共同确认。\n问：历史制度与新制度不一致怎么办？\n答：以最新发布且仍在有效期内的制度为准，特殊项目可按合同或项目批复执行。\n\n补充说明：编号 KB-0025 的条款可作为内部问答、RAG检索、流程机器人和员工自助服务的参考依据。回答用户问题时，应优先引用与问题最相关的条款；如果知识库没有明确依据，应说明信息不足，不应编造制度。'
 '章节：大型模拟企业制度知识库（约10万字） > 公司治理与组织管理 - 公司愿景 > 研发流程与质量管理 - 故障复盘\n\n风险控制：\n- 风险点一：审批缺失会导致责任无法追溯，严重时可能形成财务、合同或信息安全风险。\n- 风险点二：材料不完整会影响处理效率，也会导致后续稽核无法证明事项真实性。\n- 风险点三：权限长期不回收会增加数据泄露和误操作概率，应定期盘点。\n- 风险点四：跨部门信息不一致会导致重复劳动、客户体验下降或项目延期。\n- 风险点五：制度执行只看形式不看业务目标，会造成流程空转，应在合规前提下保证效率。\n\n常见问答：\n问：是否可以先执行后审批？\n答：原则上不可以。只有紧急事故、客户重大风险或系统中断等特殊情况可以先处理，但必须补充审批和说明。\n问：审批被退回怎么办？\n答：申请人应根据退回原因补充材料或调整方案，不得重复提交相同内容，也不得绕过原审批链路。\n问：谁负责最终解释？\n答：由制度归口部门负责解释；涉及多个部门时，由归口部门牵头会同法务、人力资源、财务或信息安全共同确认。\n问：历史制度与新制度不一致怎么办？\n答：以最新发布且仍在有效期内的制度为准，特殊项目可按合同或项目批复执行。\n\n补充说明：编号 KB-0032 的条款可作为内部问答、RAG检索、流程机器人和员工自助服务的参考依据。回答用户问题时，应优先引用与问题最相关的条款；如果知识库没有明确依据，应说明信息不足，不应编造制度。'
 '章节：大型模拟企业制度知识库（约10万字） > 公司治理与组织管理 - 公司愿景 > 研发流程与质量管理 - 上线发布\n\n风险控制：\n- 风险点一：审批缺失会导致责任无法追溯，严重时可能形成财务、合同或信息安全风险。\n- 风险点二：材料不完整会影响处理效率，也会导致后续稽核无法证明事项真实性。\n- 风险点三：权限长期不回收会增加数据泄露和误操作概率，应定期盘点。\n- 风险点四：跨部门信息不一致会导致重复劳动、客户体验下降或项目延期。\n- 风险点五：制度执行只看形式不看业务目标，会造成流程空转，应在合规前提下保证效率。\n\n常见问答：\n问：是否可以先执行后审批？\n答：原则上不可以。只有紧急事故、客户重大风险或系统中断等特殊情况可以先处理，但必须补充审批和说明。\n问：审批被退回怎么办？\n答：申请人应根据退回原因补充材料或调整方案，不得重复提交相同内容，也不得绕过原审批链路。\n问：谁负责最终解释？\n答：由制度归口部门负责解释；涉及多个部门时，由归口部门牵头会同法务、人力资源、财务或信息安全共同确认。\n问：历史制度与新制度不一致怎么办？\n答：以最新发布且仍在有效期内的制度为准，特殊项目可按合同或项目批复执行。\n\n补充说明：编号 KB-0031 的条款可作为内部问答、RAG检索、流程机器人和员工自助服务的参考依据。回答用户问题时，应优先引用与问题最相关的条款；如果知识库没有明确依据，应说明信息不足，不应编造制度。'
 '章节：大型模拟企业制度知识库（约10万字） > 公司治理与组织管理 - 公司愿景 > 客户服务与售后支持 - 工单响应\n\n风险控制：\n- 风险点一：审批缺失会导致责任无法追溯，严重时可能形成财务、合同或信息安全风险。\n- 风险点二：材料不完整会影响处理效率，也会导致后续稽核无法证明事项真实性。\n- 风险点三：权限长期不回收会增加数据泄露和误操作概率，应定期盘点。\n- 风险点四：跨部门信息不一致会导致重复劳动、客户体验下降或项目延期。\n- 风险点五：制度执行只看形式不看业务目标，会造成流程空转，应在合规前提下保证效率。\n\n常见问答：\n问：是否可以先执行后审批？\n答：原则上不可以。只有紧急事故、客户重大风险或系统中断等特殊情况可以先处理，但必须补充审批和说明。\n问：审批被退回怎么办？\n答：申请人应根据退回原因补充材料或调整方案，不得重复提交相同内容，也不得绕过原审批链路。\n问：谁负责最终解释？\n答：由制度归口部门负责解释；涉及多个部门时，由归口部门牵头会同法务、人力资源、财务或信息安全共同确认。\n问：历史制度与新制度不一致怎么办？\n答：以最新发布且仍在有效期内的制度为准，特殊项目可按合同或项目批复执行。\n\n补充说明：编号 KB-0035 的条款可作为内部问答、RAG检索、流程机器人和员工自助服务的参考依据。回答用户问题时，应优先引用与问题最相关的条款；如果知识库没有明确依据，应说明信息不足，不应编造制度。'
 '章节：大型模拟企业制度知识库（约10万字） > 公司治理与组织管理 - 公司愿景 > 研发流程与质量管理 - 故障复盘\n\n风险控制：\n- 风险点一：审批缺失会导致责任无法追溯，严重时可能形成财务、合同或信息安全风险。\n- 风险点二：材料不完整会影响处理效率，也会导致后续稽核无法证明事项真实性。\n- 风险点三：权限长期不回收会增加数据泄露和误操作概率，应定期盘点。\n- 风险点四：跨部门信息不一致会导致重复劳动、客户体验下降或项目延期。\n- 风险点五：制度执行只看形式不看业务目标，会造成流程空转，应在合规前提下保证效率。\n\n常见问答：\n问：是否可以先执行后审批？\n答：原则上不可以。只有紧急事故、客户重大风险或系统中断等特殊情况可以先处理，但必须补充审批和说明。\n问：审批被退回怎么办？\n答：申请人应根据退回原因补充材料或调整方案，不得重复提交相同内容，也不得绕过原审批链路。\n问：谁负责最终解释？\n答：由制度归口部门负责解释；涉及多个部门时，由归口部门牵头会同法务、人力资源、财务或信息安全共同确认。\n问：历史制度与新制度不一致怎么办？\n答：以最新发布且仍在有效期内的制度为准，特殊项目可按合同或项目批复执行。\n\n补充说明：编号 KB-0032 的条款可作为内部问答、RAG检索、流程机器人和员工自助服务的参考依据。回答用户问题时，应优先引用与问题最相关的条款；如果知识库没有明确依据，应说明信息不足，不应编造制度。']",紧急事故、客户重大风险或系统中断等特殊情况可以先处理，但事后两个工作日内必须补齐系统记录、审批附件和处理结论。,['紧急事故、客户重大风险或系统中断等特殊情况可以先处理，但事后两个工作日内必须补齐系统记录、审批附件和处理结论。'],0.99999999998,1.0
员工请假的流程、审批权限和后续归档要求分别是什么？,"根据《大型模拟企业制度知识库》中“人力资源与员工关系 - 考勤休假”章节的相关内容，员工请假的流程、审批权限和后续归档要求如下：

### 一、请假流程
1. **发起人确认业务背景、目标、范围、预算或资源需求，并准备必要附件**  
   员工需明确请假原因、时间、影响范围等信息，并准备好相关证明材料（如病假需提供医疗证明）。

2. **直属主管进行必要性审核**  
   直属主管需判断请假事项是否符合当前业务目标和团队资源安排，确认请假的合理性。

3. **归口部门进行制度审核**  
   归口部门（如人力资源部）需审核请假申请是否符合公司考勤休假制度，包括请假类型、时长、审批链路等。

4. **审批通过后由责任人执行**  
   审批通过后，员工按批准的时间休假。同时，系统中需记录关键节点、执行结果和异常情况。

5. **流程完成后进行归档**  
   请假申请及审批记录需在系统中归档，必要时组织复盘，将可复用经验更新到团队知识库。

---

### 二、审批权限
1. **申请人**：负责提交请假申请并确保材料真实、完整、及时。
2. **直属主管**：负责判断请假的必要性和资源合理性。
3. **职能部门（如人力资源部）**：负责制度合规性审核，确保请假申请符合公司规定。
4. **最终审批人**：通常为部门负责人或更高层级管理者，对审批结果承担管理责任。

---

### 三、后续归档要求
1. **系统留痕**：所有请假申请和审批过程必须在公司指定系统中发起和留痕，口头沟通不能替代审批记录。
2. **归档管理**：请假申请及审批记录需在系统中归档，作为后续审计、复盘和责任界定的重要依据。
3. **数据完整性**：涉及员工个人信息的请假事项，需保留完整操作日志，确保数据安全。
4. **定期盘点**：对于长期请假或特殊情形，需定期盘点，避免权限滥用或信息遗漏。

---

### 四、其他注意事项
- **紧急情况**：若因紧急事故、客户重大风险或系统中断需要先请假，事后两个工作日内必须补齐系统记录、审批附件和处理结论。
- **跨部门协作**：若请假涉及多个部门，发起部门应提前说明背景、目标、截止时间、影响范围和所需支持，接收部门应在1个工作日内确认是否能够承接。
- **制度冲突**：若请假制度与法律法规、客户合同或监管要求存在冲突，应优先遵循更严格的要求，并通知法务、人力资源或信息安全负责人确认。

以上内容均基于《大型模拟企业制度知识库》中的相关规定，如需进一步了解，请参考 KB-0009 条款或其他相关章节。","['章节：大型模拟企业制度知识库（约10万字） > 公司治理与组织管理 - 公司愿景 > 人力资源与员工关系 - 考勤休假\n\n### 人力资源与员工关系 - 考勤休假\n考勤休假制度用于规范人力资源与员工关系相关事项的申请、审批、执行、留痕和复盘。该制度强调流程透明、职责明确、数据完整和风险前置识别，适合日常运营、跨部门协作、项目交付和审计检查等场景。\n1. 适用范围包括正式员工、试用期员工、实习生、外包人员以及经授权访问公司系统的合作伙伴。制度执行时应以业务连续性、风险可控和责任清晰为原则。\n2. 所有流程均应在公司指定系统中发起和留痕，口头沟通只能作为辅助说明，不能替代审批记录。涉及资金、客户数据、源代码、合同文本和员工个人信息的事项必须保留完整操作日志。\n3. 申请人负责保证提交材料真实、完整、及时；直属主管负责判断业务必要性和资源合理性；职能部门负责制度合规性审核；最终审批人对审批结果承担管理责任。\n4. 常见异常包括材料缺失、审批链路错误、超期提交、预算不足、权限范围过大、交接不完整和重复申请。发现异常后应先暂停执行，再补充说明并重新提交审批。\n5. 系统记录是后续审计、复盘和责任界定的重要依据。任何人不得绕过系统私自处理，也不得要求他人代填、代签、代审批或删除真实记录。\n6. 若制度条款与法律法规、客户合同或监管要求存在冲突，应优先遵循更严格的要求，并及时通知法务、人力资源或信息安全负责人进行确认。'
 '章节：大型模拟企业制度知识库（约10万字） > 公司治理与组织管理 - 公司愿景 > 人力资源与员工关系 - 考勤休假\n\n操作流程：\n步骤1：发起人确认业务背景、目标、范围、预算或资源需求，并准备必要附件。\n步骤2：直属主管进行必要性审核，重点判断事项是否符合当前业务目标和团队资源安排。\n步骤3：归口部门进行制度审核，确认材料、权限、金额、合同、数据范围或交付边界是否合规。\n步骤4：审批通过后由责任人执行，并在系统中记录关键节点、执行结果和异常情况。\n步骤5：流程完成后进行归档，必要时组织复盘，将可复用经验更新到团队知识库。\n\n典型场景：\n- 员工首次遇到该事项时，应先查阅制度说明，再咨询直属主管或流程负责人，避免因理解偏差造成返工。\n- 跨部门协作场景下，发起部门应提前说明背景、目标、截止时间、影响范围和所需支持，接收部门应在一个工作日内确认是否能够承接。\n- 紧急场景可以先通过电话或即时通讯同步风险，但事后两个工作日内必须补齐系统记录、审批附件和处理结论。\n- 如果事项涉及客户承诺，应先确认合同边界和服务等级，不得擅自承诺超出合同范围的交付内容、响应时间或赔偿条件。\n- 如果事项涉及个人信息、敏感商业数据或公司核心资产，应遵循最小权限原则，只授权完成任务所必需的人员和时长。\n- 流程结束后，负责人应沉淀处理经验，将常见问题、判断标准和注意事项更新到知识库，供后续团队复用。'
 '章节：大型模拟企业制度知识库（约10万字） > 公司治理与组织管理 - 公司愿景 > 人力资源与员工关系 - 考勤休假\n\n风险控制：\n- 风险点一：审批缺失会导致责任无法追溯，严重时可能形成财务、合同或信息安全风险。\n- 风险点二：材料不完整会影响处理效率，也会导致后续稽核无法证明事项真实性。\n- 风险点三：权限长期不回收会增加数据泄露和误操作概率，应定期盘点。\n- 风险点四：跨部门信息不一致会导致重复劳动、客户体验下降或项目延期。\n- 风险点五：制度执行只看形式不看业务目标，会造成流程空转，应在合规前提下保证效率。\n\n常见问答：\n问：是否可以先执行后审批？\n答：原则上不可以。只有紧急事故、客户重大风险或系统中断等特殊情况可以先处理，但必须补充审批和说明。\n问：审批被退回怎么办？\n答：申请人应根据退回原因补充材料或调整方案，不得重复提交相同内容，也不得绕过原审批链路。\n问：谁负责最终解释？\n答：由制度归口部门负责解释；涉及多个部门时，由归口部门牵头会同法务、人力资源、财务或信息安全共同确认。\n问：历史制度与新制度不一致怎么办？\n答：以最新发布且仍在有效期内的制度为准，特殊项目可按合同或项目批复执行。\n\n补充说明：编号 KB-0009 的条款可作为内部问答、RAG检索、流程机器人和员工自助服务的参考依据。回答用户问题时，应优先引用与问题最相关的条款；如果知识库没有明确依据，应说明信息不足，不应编造制度。'
 '章节：大型模拟企业制度知识库（约10万字） > 公司治理与组织管理 - 公司愿景 > 行政办公与资产管理 - 档案管理\n\n### 行政办公与资产管理 - 档案管理\n档案管理制度用于规范行政办公与资产管理相关事项的申请、审批、执行、留痕和复盘。该制度强调流程透明、职责明确、数据完整和风险前置识别，适合日常运营、跨部门协作、项目交付和审计检查等场景。\n1. 适用范围包括正式员工、试用期员工、实习生、外包人员以及经授权访问公司系统的合作伙伴。制度执行时应以业务连续性、风险可控和责任清晰为原则。\n2. 所有流程均应在公司指定系统中发起和留痕，口头沟通只能作为辅助说明，不能替代审批记录。涉及资金、客户数据、源代码、合同文本和员工个人信息的事项必须保留完整操作日志。\n3. 申请人负责保证提交材料真实、完整、及时；直属主管负责判断业务必要性和资源合理性；职能部门负责制度合规性审核；最终审批人对审批结果承担管理责任。\n4. 常见异常包括材料缺失、审批链路错误、超期提交、预算不足、权限范围过大、交接不完整和重复申请。发现异常后应先暂停执行，再补充说明并重新提交审批。\n5. 系统记录是后续审计、复盘和责任界定的重要依据。任何人不得绕过系统私自处理，也不得要求他人代填、代签、代审批或删除真实记录。\n6. 若制度条款与法律法规、客户合同或监管要求存在冲突，应优先遵循更严格的要求，并及时通知法务、人力资源或信息安全负责人进行确认。'
 '章节：大型模拟企业制度知识库（约10万字） > 公司治理与组织管理 - 公司愿景 > 人力资源与员工关系 - 考勤休假\n\n操作流程：\n步骤1：发起人确认业务背景、目标、范围、预算或资源需求，并准备必要附件。\n步骤2：直属主管进行必要性审核，重点判断事项是否符合当前业务目标和团队资源安排。\n步骤3：归口部门进行制度审核，确认材料、权限、金额、合同、数据范围或交付边界是否合规。\n步骤4：审批通过后由责任人执行，并在系统中记录关键节点、执行结果和异常情况。\n步骤5：流程完成后进行归档，必要时组织复盘，将可复用经验更新到团队知识库。\n\n典型场景：\n- 员工首次遇到该事项时，应先查阅制度说明，再咨询直属主管或流程负责人，避免因理解偏差造成返工。\n- 跨部门协作场景下，发起部门应提前说明背景、目标、截止时间、影响范围和所需支持，接收部门应在一个工作日内确认是否能够承接。\n- 紧急场景可以先通过电话或即时通讯同步风险，但事后两个工作日内必须补齐系统记录、审批附件和处理结论。\n- 如果事项涉及客户承诺，应先确认合同边界和服务等级，不得擅自承诺超出合同范围的交付内容、响应时间或赔偿条件。\n- 如果事项涉及个人信息、敏感商业数据或公司核心资产，应遵循最小权限原则，只授权完成任务所必需的人员和时长。\n- 流程结束后，负责人应沉淀处理经验，将常见问题、判断标准和注意事项更新到知识库，供后续团队复用。']",请假类事项应在指定系统中发起并说明原因和范围；直属主管判断业务必要性，归口部门按制度审核；流程完成后应归档，必要时复盘并沉淀经验。,['请假类事项应在指定系统中发起并说明原因和范围；直属主管判断业务必要性，归口部门按制度审核；流程完成后应归档，必要时复盘并沉淀经验。'],0.8874999999778125,1.0
权限开通、长期未回收和涉及客户数据时分别有什么风险控制要求？,"根据知识库中的信息，权限开通、长期未回收和涉及客户数据时的风险控制要求如下：

### 权限开通
- **风险点一**：审批缺失会导致责任无法追溯，严重时可能形成财务、合同或信息安全风险。
  - 因此，在权限开通时必须确保有完整的审批流程，以明确责任人，并防止潜在的安全隐患。
- **风险点二**：材料不完整会影响处理效率，也会导致后续稽核无法证明事项真实性。
  - 申请人需要提供充分的申请材料，包括但不限于申请理由、所需权限范围等，以便于审核人员进行评估。

### 长期未回收权限
- **风险点三**：权限长期不回收会增加数据泄露和误操作概率，应定期盘点。
  - 企业应当建立定期审查机制，检查员工当前持有的系统访问权限是否仍然必要。对于不再需要的权限应及时予以撤销，减少不必要的安全威胁。

### 涉及客户数据
虽然没有直接提到“涉及客户数据”的具体条款，但可以推断出以下几点：
- **风险点一**：审批缺失会导致责任无法追溯，严重时可能形成财务、合同或信息安全风险。
  - 当处理包含敏感客户信息的操作时，更应该严格执行审批制度，确保每一步都有据可查。
- **风险点二**：材料不完整会影响处理效率，也会导致后续稽核无法证明事项真实性。
  - 在处理客户数据前，需收集并验证所有相关文档，保证操作合法合规。
- **风险点四**：跨部门信息不一致会导致重复劳动、客户体验下降或项目延期。
  - 不同团队间共享客户资料时要注意保持数据的一致性和准确性，避免因沟通不畅而损害用户体验。
- **风险点五**：制度执行只看形式不看业务目标，会造成流程空转，应在合规前提下保证效率。
  - 在保护客户隐私的同时也要考虑到工作效率，合理安排资源，确保既能满足法律法规的要求又能高效完成任务。

综上所述，针对上述三种情况，公司应建立健全相应的管理制度，加强内部监管，提高全员的信息安全意识，从而有效降低各类潜在风险。","['章节：大型模拟企业制度知识库（约10万字） > 公司治理与组织管理 - 公司愿景 > IT服务与信息安全 - 账号权限\n\n风险控制：\n- 风险点一：审批缺失会导致责任无法追溯，严重时可能形成财务、合同或信息安全风险。\n- 风险点二：材料不完整会影响处理效率，也会导致后续稽核无法证明事项真实性。\n- 风险点三：权限长期不回收会增加数据泄露和误操作概率，应定期盘点。\n- 风险点四：跨部门信息不一致会导致重复劳动、客户体验下降或项目延期。\n- 风险点五：制度执行只看形式不看业务目标，会造成流程空转，应在合规前提下保证效率。\n\n常见问答：\n问：是否可以先执行后审批？\n答：原则上不可以。只有紧急事故、客户重大风险或系统中断等特殊情况可以先处理，但必须补充审批和说明。\n问：审批被退回怎么办？\n答：申请人应根据退回原因补充材料或调整方案，不得重复提交相同内容，也不得绕过原审批链路。\n问：谁负责最终解释？\n答：由制度归口部门负责解释；涉及多个部门时，由归口部门牵头会同法务、人力资源、财务或信息安全共同确认。\n问：历史制度与新制度不一致怎么办？\n答：以最新发布且仍在有效期内的制度为准，特殊项目可按合同或项目批复执行。\n\n补充说明：编号 KB-0020 的条款可作为内部问答、RAG检索、流程机器人和员工自助服务的参考依据。回答用户问题时，应优先引用与问题最相关的条款；如果知识库没有明确依据，应说明信息不足，不应编造制度。'
 '章节：大型模拟企业制度知识库（约10万字） > 公司治理与组织管理 - 公司愿景 > IT服务与信息安全 - 权限回收\n\n风险控制：\n- 风险点一：审批缺失会导致责任无法追溯，严重时可能形成财务、合同或信息安全风险。\n- 风险点二：材料不完整会影响处理效率，也会导致后续稽核无法证明事项真实性。\n- 风险点三：权限长期不回收会增加数据泄露和误操作概率，应定期盘点。\n- 风险点四：跨部门信息不一致会导致重复劳动、客户体验下降或项目延期。\n- 风险点五：制度执行只看形式不看业务目标，会造成流程空转，应在合规前提下保证效率。\n\n常见问答：\n问：是否可以先执行后审批？\n答：原则上不可以。只有紧急事故、客户重大风险或系统中断等特殊情况可以先处理，但必须补充审批和说明。\n问：审批被退回怎么办？\n答：申请人应根据退回原因补充材料或调整方案，不得重复提交相同内容，也不得绕过原审批链路。\n问：谁负责最终解释？\n答：由制度归口部门负责解释；涉及多个部门时，由归口部门牵头会同法务、人力资源、财务或信息安全共同确认。\n问：历史制度与新制度不一致怎么办？\n答：以最新发布且仍在有效期内的制度为准，特殊项目可按合同或项目批复执行。\n\n补充说明：编号 KB-0026 的条款可作为内部问答、RAG检索、流程机器人和员工自助服务的参考依据。回答用户问题时，应优先引用与问题最相关的条款；如果知识库没有明确依据，应说明信息不足，不应编造制度。'
 '章节：大型模拟企业制度知识库（约10万字） > 公司治理与组织管理 - 公司愿景 > IT服务与信息安全 - 办公设备\n\n风险控制：\n- 风险点一：审批缺失会导致责任无法追溯，严重时可能形成财务、合同或信息安全风险。\n- 风险点二：材料不完整会影响处理效率，也会导致后续稽核无法证明事项真实性。\n- 风险点三：权限长期不回收会增加数据泄露和误操作概率，应定期盘点。\n- 风险点四：跨部门信息不一致会导致重复劳动、客户体验下降或项目延期。\n- 风险点五：制度执行只看形式不看业务目标，会造成流程空转，应在合规前提下保证效率。\n\n常见问答：\n问：是否可以先执行后审批？\n答：原则上不可以。只有紧急事故、客户重大风险或系统中断等特殊情况可以先处理，但必须补充审批和说明。\n问：审批被退回怎么办？\n答：申请人应根据退回原因补充材料或调整方案，不得重复提交相同内容，也不得绕过原审批链路。\n问：谁负责最终解释？\n答：由制度归口部门负责解释；涉及多个部门时，由归口部门牵头会同法务、人力资源、财务或信息安全共同确认。\n问：历史制度与新制度不一致怎么办？\n答：以最新发布且仍在有效期内的制度为准，特殊项目可按合同或项目批复执行。\n\n补充说明：编号 KB-0021 的条款可作为内部问答、RAG检索、流程机器人和员工自助服务的参考依据。回答用户问题时，应优先引用与问题最相关的条款；如果知识库没有明确依据，应说明信息不足，不应编造制度。'
 '章节：大型模拟企业制度知识库（约10万字） > 公司治理与组织管理 - 公司愿景 > IT服务与信息安全 - 数据备份\n\n风险控制：\n- 风险点一：审批缺失会导致责任无法追溯，严重时可能形成财务、合同或信息安全风险。\n- 风险点二：材料不完整会影响处理效率，也会导致后续稽核无法证明事项真实性。\n- 风险点三：权限长期不回收会增加数据泄露和误操作概率，应定期盘点。\n- 风险点四：跨部门信息不一致会导致重复劳动、客户体验下降或项目延期。\n- 风险点五：制度执行只看形式不看业务目标，会造成流程空转，应在合规前提下保证效率。\n\n常见问答：\n问：是否可以先执行后审批？\n答：原则上不可以。只有紧急事故、客户重大风险或系统中断等特殊情况可以先处理，但必须补充审批和说明。\n问：审批被退回怎么办？\n答：申请人应根据退回原因补充材料或调整方案，不得重复提交相同内容，也不得绕过原审批链路。\n问：谁负责最终解释？\n答：由制度归口部门负责解释；涉及多个部门时，由归口部门牵头会同法务、人力资源、财务或信息安全共同确认。\n问：历史制度与新制度不一致怎么办？\n答：以最新发布且仍在有效期内的制度为准，特殊项目可按合同或项目批复执行。\n\n补充说明：编号 KB-0023 的条款可作为内部问答、RAG检索、流程机器人和员工自助服务的参考依据。回答用户问题时，应优先引用与问题最相关的条款；如果知识库没有明确依据，应说明信息不足，不应编造制度。'
 '章节：大型模拟企业制度知识库（约10万字） > 公司治理与组织管理 - 公司愿景 > IT服务与信息安全 - 权限回收\n\n风险控制：\n- 风险点一：审批缺失会导致责任无法追溯，严重时可能形成财务、合同或信息安全风险。\n- 风险点二：材料不完整会影响处理效率，也会导致后续稽核无法证明事项真实性。\n- 风险点三：权限长期不回收会增加数据泄露和误操作概率，应定期盘点。\n- 风险点四：跨部门信息不一致会导致重复劳动、客户体验下降或项目延期。\n- 风险点五：制度执行只看形式不看业务目标，会造成流程空转，应在合规前提下保证效率。\n\n常见问答：\n问：是否可以先执行后审批？\n答：原则上不可以。只有紧急事故、客户重大风险或系统中断等特殊情况可以先处理，但必须补充审批和说明。\n问：审批被退回怎么办？\n答：申请人应根据退回原因补充材料或调整方案，不得重复提交相同内容，也不得绕过原审批链路。\n问：谁负责最终解释？\n答：由制度归口部门负责解释；涉及多个部门时，由归口部门牵头会同法务、人力资源、财务或信息安全共同确认。\n问：历史制度与新制度不一致怎么办？\n答：以最新发布且仍在有效期内的制度为准，特殊项目可按合同或项目批复执行。\n\n补充说明：编号 KB-0026 的条款可作为内部问答、RAG检索、流程机器人和员工自助服务的参考依据。回答用户问题时，应优先引用与问题最相关的条款；如果知识库没有明确依据，应说明信息不足，不应编造制度。']",权限开通应遵循最小权限原则，只授权完成任务所需人员和时长；权限长期不回收会增加数据泄露和误操作概率；涉及客户数据时必须保留完整操作日志并合规审批。,['权限开通应遵循最小权限原则，只授权完成任务所需人员和时长；权限长期不回收会增加数据泄露和误操作概率；涉及客户数据时必须保留完整操作日志并合规审批。'],0.99999999998,0.3333333333333333
如果制度、客户合同和监管要求冲突，应该怎么处理？,"如果制度、客户合同和监管要求之间存在冲突，应优先遵循更严格的要求。具体来说：

1. **优先遵循监管要求**：监管要求通常具有最高的法律效力，必须首先遵守。
2. **客户合同**：如果客户合同中的条款比公司内部制度更为严格，应优先遵守客户合同的条款。
3. **公司制度**：在没有更严格的监管要求或客户合同的情况下，应遵守公司内部的制度。

同时，应及时通知法务、人力资源或信息安全负责人进行确认，确保处理方式符合所有相关方的要求。具体可以参考知识库中的以下条款：

- **风险控制**：若制度条款与法律法规、客户合同或监管要求存在冲突，应优先遵循更严格的要求，并及时通知法务、人力资源或信息安全负责人进行确认。（编号 KB-0037）

这样可以确保在处理冲突时，既能满足法律和合同的要求，又能保持公司内部管理的合规性。","['章节：大型模拟企业制度知识库（约10万字） > 公司治理与组织管理 - 公司愿景 > 客户服务与售后支持 - 问题升级\n\n### 客户服务与售后支持 - 问题升级\n问题升级制度用于规范客户服务与售后支持相关事项的申请、审批、执行、留痕和复盘。该制度强调流程透明、职责明确、数据完整和风险前置识别，适合日常运营、跨部门协作、项目交付和审计检查等场景。\n1. 适用范围包括正式员工、试用期员工、实习生、外包人员以及经授权访问公司系统的合作伙伴。制度执行时应以业务连续性、风险可控和责任清晰为原则。\n2. 所有流程均应在公司指定系统中发起和留痕，口头沟通只能作为辅助说明，不能替代审批记录。涉及资金、客户数据、源代码、合同文本和员工个人信息的事项必须保留完整操作日志。\n3. 申请人负责保证提交材料真实、完整、及时；直属主管负责判断业务必要性和资源合理性；职能部门负责制度合规性审核；最终审批人对审批结果承担管理责任。\n4. 常见异常包括材料缺失、审批链路错误、超期提交、预算不足、权限范围过大、交接不完整和重复申请。发现异常后应先暂停执行，再补充说明并重新提交审批。\n5. 系统记录是后续审计、复盘和责任界定的重要依据。任何人不得绕过系统私自处理，也不得要求他人代填、代签、代审批或删除真实记录。\n6. 若制度条款与法律法规、客户合同或监管要求存在冲突，应优先遵循更严格的要求，并及时通知法务、人力资源或信息安全负责人进行确认。'
 '章节：大型模拟企业制度知识库（约10万字） > 公司治理与组织管理 - 公司愿景 > 客户服务与售后支持 - 问题升级\n\n风险控制：\n- 风险点一：审批缺失会导致责任无法追溯，严重时可能形成财务、合同或信息安全风险。\n- 风险点二：材料不完整会影响处理效率，也会导致后续稽核无法证明事项真实性。\n- 风险点三：权限长期不回收会增加数据泄露和误操作概率，应定期盘点。\n- 风险点四：跨部门信息不一致会导致重复劳动、客户体验下降或项目延期。\n- 风险点五：制度执行只看形式不看业务目标，会造成流程空转，应在合规前提下保证效率。\n\n常见问答：\n问：是否可以先执行后审批？\n答：原则上不可以。只有紧急事故、客户重大风险或系统中断等特殊情况可以先处理，但必须补充审批和说明。\n问：审批被退回怎么办？\n答：申请人应根据退回原因补充材料或调整方案，不得重复提交相同内容，也不得绕过原审批链路。\n问：谁负责最终解释？\n答：由制度归口部门负责解释；涉及多个部门时，由归口部门牵头会同法务、人力资源、财务或信息安全共同确认。\n问：历史制度与新制度不一致怎么办？\n答：以最新发布且仍在有效期内的制度为准，特殊项目可按合同或项目批复执行。\n\n补充说明：编号 KB-0037 的条款可作为内部问答、RAG检索、流程机器人和员工自助服务的参考依据。回答用户问题时，应优先引用与问题最相关的条款；如果知识库没有明确依据，应说明信息不足，不应编造制度。'
 '章节：大型模拟企业制度知识库（约10万字） > 公司治理与组织管理 - 公司愿景 > 采购、合同与法务 - 合规审查\n\n风险控制：\n- 风险点一：审批缺失会导致责任无法追溯，严重时可能形成财务、合同或信息安全风险。\n- 风险点二：材料不完整会影响处理效率，也会导致后续稽核无法证明事项真实性。\n- 风险点三：权限长期不回收会增加数据泄露和误操作概率，应定期盘点。\n- 风险点四：跨部门信息不一致会导致重复劳动、客户体验下降或项目延期。\n- 风险点五：制度执行只看形式不看业务目标，会造成流程空转，应在合规前提下保证效率。\n\n常见问答：\n问：是否可以先执行后审批？\n答：原则上不可以。只有紧急事故、客户重大风险或系统中断等特殊情况可以先处理，但必须补充审批和说明。\n问：审批被退回怎么办？\n答：申请人应根据退回原因补充材料或调整方案，不得重复提交相同内容，也不得绕过原审批链路。\n问：谁负责最终解释？\n答：由制度归口部门负责解释；涉及多个部门时，由归口部门牵头会同法务、人力资源、财务或信息安全共同确认。\n问：历史制度与新制度不一致怎么办？\n答：以最新发布且仍在有效期内的制度为准，特殊项目可按合同或项目批复执行。\n\n补充说明：编号 KB-0045 的条款可作为内部问答、RAG检索、流程机器人和员工自助服务的参考依据。回答用户问题时，应优先引用与问题最相关的条款；如果知识库没有明确依据，应说明信息不足，不应编造制度。'
 '章节：大型模拟企业制度知识库（约10万字） > 公司治理与组织管理 - 公司愿景 > 采购、合同与法务 - 知识产权\n\n风险控制：\n- 风险点一：审批缺失会导致责任无法追溯，严重时可能形成财务、合同或信息安全风险。\n- 风险点二：材料不完整会影响处理效率，也会导致后续稽核无法证明事项真实性。\n- 风险点三：权限长期不回收会增加数据泄露和误操作概率，应定期盘点。\n- 风险点四：跨部门信息不一致会导致重复劳动、客户体验下降或项目延期。\n- 风险点五：制度执行只看形式不看业务目标，会造成流程空转，应在合规前提下保证效率。\n\n常见问答：\n问：是否可以先执行后审批？\n答：原则上不可以。只有紧急事故、客户重大风险或系统中断等特殊情况可以先处理，但必须补充审批和说明。\n问：审批被退回怎么办？\n答：申请人应根据退回原因补充材料或调整方案，不得重复提交相同内容，也不得绕过原审批链路。\n问：谁负责最终解释？\n答：由制度归口部门负责解释；涉及多个部门时，由归口部门牵头会同法务、人力资源、财务或信息安全共同确认。\n问：历史制度与新制度不一致怎么办？\n答：以最新发布且仍在有效期内的制度为准，特殊项目可按合同或项目批复执行。\n\n补充说明：编号 KB-0043 的条款可作为内部问答、RAG检索、流程机器人和员工自助服务的参考依据。回答用户问题时，应优先引用与问题最相关的条款；如果知识库没有明确依据，应说明信息不足，不应编造制度。'
 '章节：大型模拟企业制度知识库（约10万字） > 公司治理与组织管理 - 公司愿景 > 客户服务与售后支持 - 问题升级\n\n风险控制：\n- 风险点一：审批缺失会导致责任无法追溯，严重时可能形成财务、合同或信息安全风险。\n- 风险点二：材料不完整会影响处理效率，也会导致后续稽核无法证明事项真实性。\n- 风险点三：权限长期不回收会增加数据泄露和误操作概率，应定期盘点。\n- 风险点四：跨部门信息不一致会导致重复劳动、客户体验下降或项目延期。\n- 风险点五：制度执行只看形式不看业务目标，会造成流程空转，应在合规前提下保证效率。\n\n常见问答：\n问：是否可以先执行后审批？\n答：原则上不可以。只有紧急事故、客户重大风险或系统中断等特殊情况可以先处理，但必须补充审批和说明。\n问：审批被退回怎么办？\n答：申请人应根据退回原因补充材料或调整方案，不得重复提交相同内容，也不得绕过原审批链路。\n问：谁负责最终解释？\n答：由制度归口部门负责解释；涉及多个部门时，由归口部门牵头会同法务、人力资源、财务或信息安全共同确认。\n问：历史制度与新制度不一致怎么办？\n答：以最新发布且仍在有效期内的制度为准，特殊项目可按合同或项目批复执行。\n\n补充说明：编号 KB-0037 的条款可作为内部问答、RAG检索、流程机器人和员工自助服务的参考依据。回答用户问题时，应优先引用与问题最相关的条款；如果知识库没有明确依据，应说明信息不足，不应编造制度。']",若制度条款与法律法规、客户合同或监管要求存在冲突，应优先遵循更严格的要求，并及时通知法务、人力资源或信息安全负责人确认。,['若制度条款与法律法规、客户合同或监管要求存在冲突，应优先遵循更严格的要求，并及时通知法务、人力资源或信息安全负责人确认。'],0.999999999975,1.0
报销材料不全、预算不足、审批链路错误分别属于什么问题？,"根据知识库内容，报销材料不全、预算不足、审批链路错误分别属于以下问题：

1. **报销材料不全**：属于“**材料不完整**”问题。这会影响处理效率，并可能导致后续稽核无法证明事项的真实性（见风险控制点二）。

2. **预算不足**：属于“**预算不足**”问题。在费用审批制度中明确提到，预算不足是常见异常之一，发现后应先暂停执行，再补充说明并重新提交审批（见第4点中的常见异常）。

3. **审批链路错误**：属于“**审批链路错误**”问题。这也是费用审批制度中提到的常见异常之一，发现后应先暂停执行，再补充说明并重新提交审批（见第4点中的常见异常）。

综上，这些都属于费用审批流程中的**异常情况**，需要及时处理以确保流程合规和效率。","['章节：大型模拟企业制度知识库（约10万字） > 公司治理与组织管理 - 公司愿景 > 财务报销与预算管理 - 预算申请\n\n风险控制：\n- 风险点一：审批缺失会导致责任无法追溯，严重时可能形成财务、合同或信息安全风险。\n- 风险点二：材料不完整会影响处理效率，也会导致后续稽核无法证明事项真实性。\n- 风险点三：权限长期不回收会增加数据泄露和误操作概率，应定期盘点。\n- 风险点四：跨部门信息不一致会导致重复劳动、客户体验下降或项目延期。\n- 风险点五：制度执行只看形式不看业务目标，会造成流程空转，应在合规前提下保证效率。\n\n常见问答：\n问：是否可以先执行后审批？\n答：原则上不可以。只有紧急事故、客户重大风险或系统中断等特殊情况可以先处理，但必须补充审批和说明。\n问：审批被退回怎么办？\n答：申请人应根据退回原因补充材料或调整方案，不得重复提交相同内容，也不得绕过原审批链路。\n问：谁负责最终解释？\n答：由制度归口部门负责解释；涉及多个部门时，由归口部门牵头会同法务、人力资源、财务或信息安全共同确认。\n问：历史制度与新制度不一致怎么办？\n答：以最新发布且仍在有效期内的制度为准，特殊项目可按合同或项目批复执行。\n\n补充说明：编号 KB-0017 的条款可作为内部问答、RAG检索、流程机器人和员工自助服务的参考依据。回答用户问题时，应优先引用与问题最相关的条款；如果知识库没有明确依据，应说明信息不足，不应编造制度。'
 '章节：大型模拟企业制度知识库（约10万字） > 公司治理与组织管理 - 公司愿景 > 财务报销与预算管理 - 费用稽核\n\n风险控制：\n- 风险点一：审批缺失会导致责任无法追溯，严重时可能形成财务、合同或信息安全风险。\n- 风险点二：材料不完整会影响处理效率，也会导致后续稽核无法证明事项真实性。\n- 风险点三：权限长期不回收会增加数据泄露和误操作概率，应定期盘点。\n- 风险点四：跨部门信息不一致会导致重复劳动、客户体验下降或项目延期。\n- 风险点五：制度执行只看形式不看业务目标，会造成流程空转，应在合规前提下保证效率。\n\n常见问答：\n问：是否可以先执行后审批？\n答：原则上不可以。只有紧急事故、客户重大风险或系统中断等特殊情况可以先处理，但必须补充审批和说明。\n问：审批被退回怎么办？\n答：申请人应根据退回原因补充材料或调整方案，不得重复提交相同内容，也不得绕过原审批链路。\n问：谁负责最终解释？\n答：由制度归口部门负责解释；涉及多个部门时，由归口部门牵头会同法务、人力资源、财务或信息安全共同确认。\n问：历史制度与新制度不一致怎么办？\n答：以最新发布且仍在有效期内的制度为准，特殊项目可按合同或项目批复执行。\n\n补充说明：编号 KB-0019 的条款可作为内部问答、RAG检索、流程机器人和员工自助服务的参考依据。回答用户问题时，应优先引用与问题最相关的条款；如果知识库没有明确依据，应说明信息不足，不应编造制度。'
 '章节：大型模拟企业制度知识库（约10万字） > 公司治理与组织管理 - 公司愿景 > 财务报销与预算管理 - 费用审批\n\n风险控制：\n- 风险点一：审批缺失会导致责任无法追溯，严重时可能形成财务、合同或信息安全风险。\n- 风险点二：材料不完整会影响处理效率，也会导致后续稽核无法证明事项真实性。\n- 风险点三：权限长期不回收会增加数据泄露和误操作概率，应定期盘点。\n- 风险点四：跨部门信息不一致会导致重复劳动、客户体验下降或项目延期。\n- 风险点五：制度执行只看形式不看业务目标，会造成流程空转，应在合规前提下保证效率。\n\n常见问答：\n问：是否可以先执行后审批？\n答：原则上不可以。只有紧急事故、客户重大风险或系统中断等特殊情况可以先处理，但必须补充审批和说明。\n问：审批被退回怎么办？\n答：申请人应根据退回原因补充材料或调整方案，不得重复提交相同内容，也不得绕过原审批链路。\n问：谁负责最终解释？\n答：由制度归口部门负责解释；涉及多个部门时，由归口部门牵头会同法务、人力资源、财务或信息安全共同确认。\n问：历史制度与新制度不一致怎么办？\n答：以最新发布且仍在有效期内的制度为准，特殊项目可按合同或项目批复执行。\n\n补充说明：编号 KB-0015 的条款可作为内部问答、RAG检索、流程机器人和员工自助服务的参考依据。回答用户问题时，应优先引用与问题最相关的条款；如果知识库没有明确依据，应说明信息不足，不应编造制度。'
 '章节：大型模拟企业制度知识库（约10万字） > 公司治理与组织管理 - 公司愿景 > 财务报销与预算管理 - 费用审批\n\n### 财务报销与预算管理 - 费用审批\n费用审批制度用于规范财务报销与预算管理相关事项的申请、审批、执行、留痕和复盘。该制度强调流程透明、职责明确、数据完整和风险前置识别，适合日常运营、跨部门协作、项目交付和审计检查等场景。\n1. 适用范围包括正式员工、试用期员工、实习生、外包人员以及经授权访问公司系统的合作伙伴。制度执行时应以业务连续性、风险可控和责任清晰为原则。\n2. 所有流程均应在公司指定系统中发起和留痕，口头沟通只能作为辅助说明，不能替代审批记录。涉及资金、客户数据、源代码、合同文本和员工个人信息的事项必须保留完整操作日志。\n3. 申请人负责保证提交材料真实、完整、及时；直属主管负责判断业务必要性和资源合理性；职能部门负责制度合规性审核；最终审批人对审批结果承担管理责任。\n4. 常见异常包括材料缺失、审批链路错误、超期提交、预算不足、权限范围过大、交接不完整和重复申请。发现异常后应先暂停执行，再补充说明并重新提交审批。\n5. 系统记录是后续审计、复盘和责任界定的重要依据。任何人不得绕过系统私自处理，也不得要求他人代填、代签、代审批或删除真实记录。\n6. 若制度条款与法律法规、客户合同或监管要求存在冲突，应优先遵循更严格的要求，并及时通知法务、人力资源或信息安全负责人进行确认。'
 '章节：大型模拟企业制度知识库（约10万字） > 公司治理与组织管理 - 公司愿景 > 财务报销与预算管理 - 费用稽核\n\n风险控制：\n- 风险点一：审批缺失会导致责任无法追溯，严重时可能形成财务、合同或信息安全风险。\n- 风险点二：材料不完整会影响处理效率，也会导致后续稽核无法证明事项真实性。\n- 风险点三：权限长期不回收会增加数据泄露和误操作概率，应定期盘点。\n- 风险点四：跨部门信息不一致会导致重复劳动、客户体验下降或项目延期。\n- 风险点五：制度执行只看形式不看业务目标，会造成流程空转，应在合规前提下保证效率。\n\n常见问答：\n问：是否可以先执行后审批？\n答：原则上不可以。只有紧急事故、客户重大风险或系统中断等特殊情况可以先处理，但必须补充审批和说明。\n问：审批被退回怎么办？\n答：申请人应根据退回原因补充材料或调整方案，不得重复提交相同内容，也不得绕过原审批链路。\n问：谁负责最终解释？\n答：由制度归口部门负责解释；涉及多个部门时，由归口部门牵头会同法务、人力资源、财务或信息安全共同确认。\n问：历史制度与新制度不一致怎么办？\n答：以最新发布且仍在有效期内的制度为准，特殊项目可按合同或项目批复执行。\n\n补充说明：编号 KB-0019 的条款可作为内部问答、RAG检索、流程机器人和员工自助服务的参考依据。回答用户问题时，应优先引用与问题最相关的条款；如果知识库没有明确依据，应说明信息不足，不应编造制度。']",这些都属于流程常见异常，包括材料缺失、审批链路错误、超期提交、预算不足、权限范围过大、交接不完整和重复申请，发现异常后应暂停执行并补充说明。,['这些都属于流程常见异常，包括材料缺失、审批链路错误、超期提交、预算不足、权限范围过大、交接不完整和重复申请，发现异常后应暂停执行并补充说明。'],0.249999999975,1.0
知识库没写清楚的问题，助手应该怎么答？,如果知识库中没有提供足够的信息来回答用户的问题，作为助手应该诚实地告诉用户这一点，并尽可能地提供帮助。可以尝试根据已有的知识给出一般性的建议或指导，或者引导用户提供更多的细节以便更好地理解问题。同时，也可以建议用户从其他可靠的来源寻找答案。如果可能的话，记录下这个问题，以便未来能够改进知识库的内容。总之，保持诚实、积极寻求解决方案的态度是非常重要的。,[],回答用户问题时，应优先引用与问题最相关的条款；如果知识库没有明确依据，应说明信息不足，不应编造制度。,['回答用户问题时，应优先引用与问题最相关的条款；如果知识库没有明确依据，应说明信息不足，不应编造制度。'],0.0,0.0
公司有没有宠物报销制度？,根据提供的知识库内容，没有提到公司有宠物报销制度。知识库中涉及的财务报销与预算管理相关制度主要包括费用审批、费用稽核和差旅报销等内容，但未涉及宠物相关的报销规定。因此，可以推断公司目前可能没有宠物报销制度。如果有具体需求，建议咨询公司的人力资源或财务部门以获取准确信息。,"['章节：大型模拟企业制度知识库（约10万字） > 公司治理与组织管理 - 公司愿景 > 财务报销与预算管理 - 费用审批\n\n### 财务报销与预算管理 - 费用审批\n费用审批制度用于规范财务报销与预算管理相关事项的申请、审批、执行、留痕和复盘。该制度强调流程透明、职责明确、数据完整和风险前置识别，适合日常运营、跨部门协作、项目交付和审计检查等场景。\n1. 适用范围包括正式员工、试用期员工、实习生、外包人员以及经授权访问公司系统的合作伙伴。制度执行时应以业务连续性、风险可控和责任清晰为原则。\n2. 所有流程均应在公司指定系统中发起和留痕，口头沟通只能作为辅助说明，不能替代审批记录。涉及资金、客户数据、源代码、合同文本和员工个人信息的事项必须保留完整操作日志。\n3. 申请人负责保证提交材料真实、完整、及时；直属主管负责判断业务必要性和资源合理性；职能部门负责制度合规性审核；最终审批人对审批结果承担管理责任。\n4. 常见异常包括材料缺失、审批链路错误、超期提交、预算不足、权限范围过大、交接不完整和重复申请。发现异常后应先暂停执行，再补充说明并重新提交审批。\n5. 系统记录是后续审计、复盘和责任界定的重要依据。任何人不得绕过系统私自处理，也不得要求他人代填、代签、代审批或删除真实记录。\n6. 若制度条款与法律法规、客户合同或监管要求存在冲突，应优先遵循更严格的要求，并及时通知法务、人力资源或信息安全负责人进行确认。'
 '章节：大型模拟企业制度知识库（约10万字） > 公司治理与组织管理 - 公司愿景 > 财务报销与预算管理 - 费用审批\n\n操作流程：\n步骤1：发起人确认业务背景、目标、范围、预算或资源需求，并准备必要附件。\n步骤2：直属主管进行必要性审核，重点判断事项是否符合当前业务目标和团队资源安排。\n步骤3：归口部门进行制度审核，确认材料、权限、金额、合同、数据范围或交付边界是否合规。\n步骤4：审批通过后由责任人执行，并在系统中记录关键节点、执行结果和异常情况。\n步骤5：流程完成后进行归档，必要时组织复盘，将可复用经验更新到团队知识库。\n\n典型场景：\n- 员工首次遇到该事项时，应先查阅制度说明，再咨询直属主管或流程负责人，避免因理解偏差造成返工。\n- 跨部门协作场景下，发起部门应提前说明背景、目标、截止时间、影响范围和所需支持，接收部门应在一个工作日内确认是否能够承接。\n- 紧急场景可以先通过电话或即时通讯同步风险，但事后两个工作日内必须补齐系统记录、审批附件和处理结论。\n- 如果事项涉及客户承诺，应先确认合同边界和服务等级，不得擅自承诺超出合同范围的交付内容、响应时间或赔偿条件。\n- 如果事项涉及个人信息、敏感商业数据或公司核心资产，应遵循最小权限原则，只授权完成任务所必需的人员和时长。\n- 流程结束后，负责人应沉淀处理经验，将常见问题、判断标准和注意事项更新到知识库，供后续团队复用。'
 '章节：大型模拟企业制度知识库（约10万字） > 公司治理与组织管理 - 公司愿景 > 财务报销与预算管理 - 费用稽核\n\n### 财务报销与预算管理 - 费用稽核\n费用稽核制度用于规范财务报销与预算管理相关事项的申请、审批、执行、留痕和复盘。该制度强调流程透明、职责明确、数据完整和风险前置识别，适合日常运营、跨部门协作、项目交付和审计检查等场景。\n1. 适用范围包括正式员工、试用期员工、实习生、外包人员以及经授权访问公司系统的合作伙伴。制度执行时应以业务连续性、风险可控和责任清晰为原则。\n2. 所有流程均应在公司指定系统中发起和留痕，口头沟通只能作为辅助说明，不能替代审批记录。涉及资金、客户数据、源代码、合同文本和员工个人信息的事项必须保留完整操作日志。\n3. 申请人负责保证提交材料真实、完整、及时；直属主管负责判断业务必要性和资源合理性；职能部门负责制度合规性审核；最终审批人对审批结果承担管理责任。\n4. 常见异常包括材料缺失、审批链路错误、超期提交、预算不足、权限范围过大、交接不完整和重复申请。发现异常后应先暂停执行，再补充说明并重新提交审批。\n5. 系统记录是后续审计、复盘和责任界定的重要依据。任何人不得绕过系统私自处理，也不得要求他人代填、代签、代审批或删除真实记录。\n6. 若制度条款与法律法规、客户合同或监管要求存在冲突，应优先遵循更严格的要求，并及时通知法务、人力资源或信息安全负责人进行确认。'
 '章节：大型模拟企业制度知识库（约10万字） > 公司治理与组织管理 - 公司愿景 > 财务报销与预算管理 - 费用稽核\n\n操作流程：\n步骤1：发起人确认业务背景、目标、范围、预算或资源需求，并准备必要附件。\n步骤2：直属主管进行必要性审核，重点判断事项是否符合当前业务目标和团队资源安排。\n步骤3：归口部门进行制度审核，确认材料、权限、金额、合同、数据范围或交付边界是否合规。\n步骤4：审批通过后由责任人执行，并在系统中记录关键节点、执行结果和异常情况。\n步骤5：流程完成后进行归档，必要时组织复盘，将可复用经验更新到团队知识库。\n\n典型场景：\n- 员工首次遇到该事项时，应先查阅制度说明，再咨询直属主管或流程负责人，避免因理解偏差造成返工。\n- 跨部门协作场景下，发起部门应提前说明背景、目标、截止时间、影响范围和所需支持，接收部门应在一个工作日内确认是否能够承接。\n- 紧急场景可以先通过电话或即时通讯同步风险，但事后两个工作日内必须补齐系统记录、审批附件和处理结论。\n- 如果事项涉及客户承诺，应先确认合同边界和服务等级，不得擅自承诺超出合同范围的交付内容、响应时间或赔偿条件。\n- 如果事项涉及个人信息、敏感商业数据或公司核心资产，应遵循最小权限原则，只授权完成任务所必需的人员和时长。\n- 流程结束后，负责人应沉淀处理经验，将常见问题、判断标准和注意事项更新到知识库，供后续团队复用。'
 '章节：大型模拟企业制度知识库（约10万字） > 公司治理与组织管理 - 公司愿景 > 财务报销与预算管理 - 差旅报销\n\n### 财务报销与预算管理 - 差旅报销\n差旅报销制度用于规范财务报销与预算管理相关事项的申请、审批、执行、留痕和复盘。该制度强调流程透明、职责明确、数据完整和风险前置识别，适合日常运营、跨部门协作、项目交付和审计检查等场景。\n1. 适用范围包括正式员工、试用期员工、实习生、外包人员以及经授权访问公司系统的合作伙伴。制度执行时应以业务连续性、风险可控和责任清晰为原则。\n2. 所有流程均应在公司指定系统中发起和留痕，口头沟通只能作为辅助说明，不能替代审批记录。涉及资金、客户数据、源代码、合同文本和员工个人信息的事项必须保留完整操作日志。\n3. 申请人负责保证提交材料真实、完整、及时；直属主管负责判断业务必要性和资源合理性；职能部门负责制度合规性审核；最终审批人对审批结果承担管理责任。\n4. 常见异常包括材料缺失、审批链路错误、超期提交、预算不足、权限范围过大、交接不完整和重复申请。发现异常后应先暂停执行，再补充说明并重新提交审批。\n5. 系统记录是后续审计、复盘和责任界定的重要依据。任何人不得绕过系统私自处理，也不得要求他人代填、代签、代审批或删除真实记录。\n6. 若制度条款与法律法规、客户合同或监管要求存在冲突，应优先遵循更严格的要求，并及时通知法务、人力资源或信息安全负责人进行确认。']",知识库没有明确说明宠物报销制度。应说明信息不足，不能编造制度。,['知识库没有明确说明宠物报销制度。应说明信息不足，不能编造制度。'],0.6388888888675925,0.5
我的电脑中病毒了，应该找谁，后续要留什么记录？,"根据公司制度，如果您的电脑中病毒，应按照以下步骤处理：

1. **立即联系IT服务部门**：这是最直接的解决途径。IT服务部门负责处理与计算机系统、网络和信息安全相关的问题。

2. **说明情况**：在联系IT服务部门时，请详细说明病毒出现的时间、症状（如系统异常、文件损坏等）、是否连接了外部设备或访问了可疑网站等信息。

3. **配合调查**：IT服务部门可能会要求您提供一些操作日志或系统信息以帮助分析问题原因。

4. **记录保留**：
   - **系统记录**：所有与病毒处理相关的操作应在公司指定系统中发起和留痕，包括事件报告、处理过程、结果等。
   - **操作日志**：涉及客户数据、源代码、合同文本和员工个人信息的事项必须保留完整操作日志。
   - **审批记录**：如果需要进行进一步的修复或安全检查，相关流程也应在系统中完成，并保留审批记录。

5. **后续跟进**：IT服务部门会根据情况决定是否需要进一步的应急响应措施，例如隔离受感染设备、更新防病毒软件、进行系统扫描等。

6. **复盘与经验沉淀**：如果事件较为严重，公司可能会组织复盘会议，总结经验教训，并更新知识库供后续参考。

请确保在整个过程中遵循公司的网络安全和应急响应制度，避免私自处理或绕过系统流程。","['章节：大型模拟企业制度知识库（约10万字） > 公司治理与组织管理 - 公司愿景 > IT服务与信息安全 - 网络安全\n\n### IT服务与信息安全 - 网络安全\n网络安全制度用于规范IT服务与信息安全相关事项的申请、审批、执行、留痕和复盘。该制度强调流程透明、职责明确、数据完整和风险前置识别，适合日常运营、跨部门协作、项目交付和审计检查等场景。\n1. 适用范围包括正式员工、试用期员工、实习生、外包人员以及经授权访问公司系统的合作伙伴。制度执行时应以业务连续性、风险可控和责任清晰为原则。\n2. 所有流程均应在公司指定系统中发起和留痕，口头沟通只能作为辅助说明，不能替代审批记录。涉及资金、客户数据、源代码、合同文本和员工个人信息的事项必须保留完整操作日志。\n3. 申请人负责保证提交材料真实、完整、及时；直属主管负责判断业务必要性和资源合理性；职能部门负责制度合规性审核；最终审批人对审批结果承担管理责任。\n4. 常见异常包括材料缺失、审批链路错误、超期提交、预算不足、权限范围过大、交接不完整和重复申请。发现异常后应先暂停执行，再补充说明并重新提交审批。\n5. 系统记录是后续审计、复盘和责任界定的重要依据。任何人不得绕过系统私自处理，也不得要求他人代填、代签、代审批或删除真实记录。\n6. 若制度条款与法律法规、客户合同或监管要求存在冲突，应优先遵循更严格的要求，并及时通知法务、人力资源或信息安全负责人进行确认。'
 '章节：大型模拟企业制度知识库（约10万字） > 公司治理与组织管理 - 公司愿景 > IT服务与信息安全 - 应急响应\n\n### IT服务与信息安全 - 应急响应\n应急响应制度用于规范IT服务与信息安全相关事项的申请、审批、执行、留痕和复盘。该制度强调流程透明、职责明确、数据完整和风险前置识别，适合日常运营、跨部门协作、项目交付和审计检查等场景。\n1. 适用范围包括正式员工、试用期员工、实习生、外包人员以及经授权访问公司系统的合作伙伴。制度执行时应以业务连续性、风险可控和责任清晰为原则。\n2. 所有流程均应在公司指定系统中发起和留痕，口头沟通只能作为辅助说明，不能替代审批记录。涉及资金、客户数据、源代码、合同文本和员工个人信息的事项必须保留完整操作日志。\n3. 申请人负责保证提交材料真实、完整、及时；直属主管负责判断业务必要性和资源合理性；职能部门负责制度合规性审核；最终审批人对审批结果承担管理责任。\n4. 常见异常包括材料缺失、审批链路错误、超期提交、预算不足、权限范围过大、交接不完整和重复申请。发现异常后应先暂停执行，再补充说明并重新提交审批。\n5. 系统记录是后续审计、复盘和责任界定的重要依据。任何人不得绕过系统私自处理，也不得要求他人代填、代签、代审批或删除真实记录。\n6. 若制度条款与法律法规、客户合同或监管要求存在冲突，应优先遵循更严格的要求，并及时通知法务、人力资源或信息安全负责人进行确认。'
 '章节：大型模拟企业制度知识库（约10万字） > 公司治理与组织管理 - 公司愿景 > IT服务与信息安全 - 应急响应\n\n风险控制：\n- 风险点一：审批缺失会导致责任无法追溯，严重时可能形成财务、合同或信息安全风险。\n- 风险点二：材料不完整会影响处理效率，也会导致后续稽核无法证明事项真实性。\n- 风险点三：权限长期不回收会增加数据泄露和误操作概率，应定期盘点。\n- 风险点四：跨部门信息不一致会导致重复劳动、客户体验下降或项目延期。\n- 风险点五：制度执行只看形式不看业务目标，会造成流程空转，应在合规前提下保证效率。\n\n常见问答：\n问：是否可以先执行后审批？\n答：原则上不可以。只有紧急事故、客户重大风险或系统中断等特殊情况可以先处理，但必须补充审批和说明。\n问：审批被退回怎么办？\n答：申请人应根据退回原因补充材料或调整方案，不得重复提交相同内容，也不得绕过原审批链路。\n问：谁负责最终解释？\n答：由制度归口部门负责解释；涉及多个部门时，由归口部门牵头会同法务、人力资源、财务或信息安全共同确认。\n问：历史制度与新制度不一致怎么办？\n答：以最新发布且仍在有效期内的制度为准，特殊项目可按合同或项目批复执行。\n\n补充说明：编号 KB-0025 的条款可作为内部问答、RAG检索、流程机器人和员工自助服务的参考依据。回答用户问题时，应优先引用与问题最相关的条款；如果知识库没有明确依据，应说明信息不足，不应编造制度。'
 '章节：大型模拟企业制度知识库（约10万字） > 公司治理与组织管理 - 公司愿景 > IT服务与信息安全 - 应急响应\n\n操作流程：\n步骤1：发起人确认业务背景、目标、范围、预算或资源需求，并准备必要附件。\n步骤2：直属主管进行必要性审核，重点判断事项是否符合当前业务目标和团队资源安排。\n步骤3：归口部门进行制度审核，确认材料、权限、金额、合同、数据范围或交付边界是否合规。\n步骤4：审批通过后由责任人执行，并在系统中记录关键节点、执行结果和异常情况。\n步骤5：流程完成后进行归档，必要时组织复盘，将可复用经验更新到团队知识库。\n\n典型场景：\n- 员工首次遇到该事项时，应先查阅制度说明，再咨询直属主管或流程负责人，避免因理解偏差造成返工。\n- 跨部门协作场景下，发起部门应提前说明背景、目标、截止时间、影响范围和所需支持，接收部门应在一个工作日内确认是否能够承接。\n- 紧急场景可以先通过电话或即时通讯同步风险，但事后两个工作日内必须补齐系统记录、审批附件和处理结论。\n- 如果事项涉及客户承诺，应先确认合同边界和服务等级，不得擅自承诺超出合同范围的交付内容、响应时间或赔偿条件。\n- 如果事项涉及个人信息、敏感商业数据或公司核心资产，应遵循最小权限原则，只授权完成任务所必需的人员和时长。\n- 流程结束后，负责人应沉淀处理经验，将常见问题、判断标准和注意事项更新到知识库，供后续团队复用。'
 '章节：大型模拟企业制度知识库（约10万字） > 公司治理与组织管理 - 公司愿景 > IT服务与信息安全 - 应急响应\n\n### IT服务与信息安全 - 应急响应\n应急响应制度用于规范IT服务与信息安全相关事项的申请、审批、执行、留痕和复盘。该制度强调流程透明、职责明确、数据完整和风险前置识别，适合日常运营、跨部门协作、项目交付和审计检查等场景。\n1. 适用范围包括正式员工、试用期员工、实习生、外包人员以及经授权访问公司系统的合作伙伴。制度执行时应以业务连续性、风险可控和责任清晰为原则。\n2. 所有流程均应在公司指定系统中发起和留痕，口头沟通只能作为辅助说明，不能替代审批记录。涉及资金、客户数据、源代码、合同文本和员工个人信息的事项必须保留完整操作日志。\n3. 申请人负责保证提交材料真实、完整、及时；直属主管负责判断业务必要性和资源合理性；职能部门负责制度合规性审核；最终审批人对审批结果承担管理责任。\n4. 常见异常包括材料缺失、审批链路错误、超期提交、预算不足、权限范围过大、交接不完整和重复申请。发现异常后应先暂停执行，再补充说明并重新提交审批。\n5. 系统记录是后续审计、复盘和责任界定的重要依据。任何人不得绕过系统私自处理，也不得要求他人代填、代签、代审批或删除真实记录。\n6. 若制度条款与法律法规、客户合同或监管要求存在冲突，应优先遵循更严格的要求，并及时通知法务、人力资源或信息安全负责人进行确认。']",网络安全或设备故障类事项应通过指定流程处理；紧急情况可先同步风险，但事后两个工作日内必须补齐系统记录、审批附件和处理结论。,['网络安全或设备故障类事项应通过指定流程处理；紧急情况可先同步风险，但事后两个工作日内必须补齐系统记录、审批附件和处理结论。'],0.99999999998,1.0
项目已经交付了，还需要复盘吗？为什么？,"是的，项目即使已经交付，仍然需要进行复盘。原因如下：

1. **总结经验与教训**：复盘是对整个项目过程的回顾和分析，能够帮助团队总结成功经验和失败教训，为未来的项目提供参考。

2. **提升团队能力**：通过复盘，团队成员可以更清晰地了解自身在项目中的表现，发现不足并加以改进，从而提升整体能力和协作效率。

3. **优化流程与制度**：复盘过程中发现的问题和改进建议可以用于优化现有的项目管理流程和制度，提高未来项目的执行效率和质量。

4. **风险识别与预防**：复盘有助于识别项目中可能存在的风险点，并为后续项目制定相应的预防措施，降低类似问题再次发生的概率。

5. **责任界定与审计依据**：系统记录的复盘内容是后续审计、责任界定的重要依据，确保项目执行过程的透明性和可追溯性。

6. **知识沉淀与共享**：复盘结果可以作为团队的知识库内容，供后续团队学习和参考，避免重复犯错，提高整体组织的学习能力。

因此，即使项目已经交付，复盘仍然是一个重要的环节，有助于持续改进和提升组织的整体绩效。","['章节：大型模拟企业制度知识库（约10万字） > 公司治理与组织管理 - 公司愿景 > 项目管理与交付规范 - 项目复盘\n\n### 项目管理与交付规范 - 项目复盘\n项目复盘制度用于规范项目管理与交付规范相关事项的申请、审批、执行、留痕和复盘。该制度强调流程透明、职责明确、数据完整和风险前置识别，适合日常运营、跨部门协作、项目交付和审计检查等场景。\n1. 适用范围包括正式员工、试用期员工、实习生、外包人员以及经授权访问公司系统的合作伙伴。制度执行时应以业务连续性、风险可控和责任清晰为原则。\n2. 所有流程均应在公司指定系统中发起和留痕，口头沟通只能作为辅助说明，不能替代审批记录。涉及资金、客户数据、源代码、合同文本和员工个人信息的事项必须保留完整操作日志。\n3. 申请人负责保证提交材料真实、完整、及时；直属主管负责判断业务必要性和资源合理性；职能部门负责制度合规性审核；最终审批人对审批结果承担管理责任。\n4. 常见异常包括材料缺失、审批链路错误、超期提交、预算不足、权限范围过大、交接不完整和重复申请。发现异常后应先暂停执行，再补充说明并重新提交审批。\n5. 系统记录是后续审计、复盘和责任界定的重要依据。任何人不得绕过系统私自处理，也不得要求他人代填、代签、代审批或删除真实记录。\n6. 若制度条款与法律法规、客户合同或监管要求存在冲突，应优先遵循更严格的要求，并及时通知法务、人力资源或信息安全负责人进行确认。'
 '章节：大型模拟企业制度知识库（约10万字） > 公司治理与组织管理 - 公司愿景 > 公司治理与组织管理 - 经营复盘\n\n### 公司治理与组织管理 - 经营复盘\n经营复盘制度用于规范公司治理与组织管理相关事项的申请、审批、执行、留痕和复盘。该制度强调流程透明、职责明确、数据完整和风险前置识别，适合日常运营、跨部门协作、项目交付和审计检查等场景。\n1. 适用范围包括正式员工、试用期员工、实习生、外包人员以及经授权访问公司系统的合作伙伴。制度执行时应以业务连续性、风险可控和责任清晰为原则。\n2. 所有流程均应在公司指定系统中发起和留痕，口头沟通只能作为辅助说明，不能替代审批记录。涉及资金、客户数据、源代码、合同文本和员工个人信息的事项必须保留完整操作日志。\n3. 申请人负责保证提交材料真实、完整、及时；直属主管负责判断业务必要性和资源合理性；职能部门负责制度合规性审核；最终审批人对审批结果承担管理责任。\n4. 常见异常包括材料缺失、审批链路错误、超期提交、预算不足、权限范围过大、交接不完整和重复申请。发现异常后应先暂停执行，再补充说明并重新提交审批。\n5. 系统记录是后续审计、复盘和责任界定的重要依据。任何人不得绕过系统私自处理，也不得要求他人代填、代签、代审批或删除真实记录。\n6. 若制度条款与法律法规、客户合同或监管要求存在冲突，应优先遵循更严格的要求，并及时通知法务、人力资源或信息安全负责人进行确认。'
 '章节：大型模拟企业制度知识库（约10万字） > 公司治理与组织管理 - 公司愿景 > 公司治理与组织管理 - 经营复盘\n\n操作流程：\n步骤1：发起人确认业务背景、目标、范围、预算或资源需求，并准备必要附件。\n步骤2：直属主管进行必要性审核，重点判断事项是否符合当前业务目标和团队资源安排。\n步骤3：归口部门进行制度审核，确认材料、权限、金额、合同、数据范围或交付边界是否合规。\n步骤4：审批通过后由责任人执行，并在系统中记录关键节点、执行结果和异常情况。\n步骤5：流程完成后进行归档，必要时组织复盘，将可复用经验更新到团队知识库。\n\n典型场景：\n- 员工首次遇到该事项时，应先查阅制度说明，再咨询直属主管或流程负责人，避免因理解偏差造成返工。\n- 跨部门协作场景下，发起部门应提前说明背景、目标、截止时间、影响范围和所需支持，接收部门应在一个工作日内确认是否能够承接。\n- 紧急场景可以先通过电话或即时通讯同步风险，但事后两个工作日内必须补齐系统记录、审批附件和处理结论。\n- 如果事项涉及客户承诺，应先确认合同边界和服务等级，不得擅自承诺超出合同范围的交付内容、响应时间或赔偿条件。\n- 如果事项涉及个人信息、敏感商业数据或公司核心资产，应遵循最小权限原则，只授权完成任务所必需的人员和时长。\n- 流程结束后，负责人应沉淀处理经验，将常见问题、判断标准和注意事项更新到知识库，供后续团队复用。'
 '章节：大型模拟企业制度知识库（约10万字） > 公司治理与组织管理 - 公司愿景 > 公司治理与组织管理 - 经营复盘\n\n风险控制：\n- 风险点一：审批缺失会导致责任无法追溯，严重时可能形成财务、合同或信息安全风险。\n- 风险点二：材料不完整会影响处理效率，也会导致后续稽核无法证明事项真实性。\n- 风险点三：权限长期不回收会增加数据泄露和误操作概率，应定期盘点。\n- 风险点四：跨部门信息不一致会导致重复劳动、客户体验下降或项目延期。\n- 风险点五：制度执行只看形式不看业务目标，会造成流程空转，应在合规前提下保证效率。\n\n常见问答：\n问：是否可以先执行后审批？\n答：原则上不可以。只有紧急事故、客户重大风险或系统中断等特殊情况可以先处理，但必须补充审批和说明。\n问：审批被退回怎么办？\n答：申请人应根据退回原因补充材料或调整方案，不得重复提交相同内容，也不得绕过原审批链路。\n问：谁负责最终解释？\n答：由制度归口部门负责解释；涉及多个部门时，由归口部门牵头会同法务、人力资源、财务或信息安全共同确认。\n问：历史制度与新制度不一致怎么办？\n答：以最新发布且仍在有效期内的制度为准，特殊项目可按合同或项目批复执行。\n\n补充说明：编号 KB-0006 的条款可作为内部问答、RAG检索、流程机器人和员工自助服务的参考依据。回答用户问题时，应优先引用与问题最相关的条款；如果知识库没有明确依据，应说明信息不足，不应编造制度。'
 '章节：大型模拟企业制度知识库（约10万字） > 公司治理与组织管理 - 公司愿景 > 研发流程与质量管理 - 故障复盘\n\n### 研发流程与质量管理 - 故障复盘\n故障复盘制度用于规范研发流程与质量管理相关事项的申请、审批、执行、留痕和复盘。该制度强调流程透明、职责明确、数据完整和风险前置识别，适合日常运营、跨部门协作、项目交付和审计检查等场景。\n1. 适用范围包括正式员工、试用期员工、实习生、外包人员以及经授权访问公司系统的合作伙伴。制度执行时应以业务连续性、风险可控和责任清晰为原则。\n2. 所有流程均应在公司指定系统中发起和留痕，口头沟通只能作为辅助说明，不能替代审批记录。涉及资金、客户数据、源代码、合同文本和员工个人信息的事项必须保留完整操作日志。\n3. 申请人负责保证提交材料真实、完整、及时；直属主管负责判断业务必要性和资源合理性；职能部门负责制度合规性审核；最终审批人对审批结果承担管理责任。\n4. 常见异常包括材料缺失、审批链路错误、超期提交、预算不足、权限范围过大、交接不完整和重复申请。发现异常后应先暂停执行，再补充说明并重新提交审批。\n5. 系统记录是后续审计、复盘和责任界定的重要依据。任何人不得绕过系统私自处理，也不得要求他人代填、代签、代审批或删除真实记录。\n6. 若制度条款与法律法规、客户合同或监管要求存在冲突，应优先遵循更严格的要求，并及时通知法务、人力资源或信息安全负责人进行确认。']",需要。流程完成后应进行归档，必要时组织复盘，并将可复用经验更新到团队知识库，便于后续审计、复用和持续改进。,['需要。流程完成后应进行归档，必要时组织复盘，并将可复用经验更新到团队知识库，便于后续审计、复用和持续改进。'],0.99999999998,1.0
