question,answer,contexts,ground_truths
公司治理与组织管理制度中，所有流程为什么必须在指定系统中留痕？,"在公司治理与组织管理制度中，所有流程必须在指定系统中留痕的原因主要包括以下几点：

1. **确保透明度**：通过系统记录，可以保证所有操作和决策过程的透明性。这有助于增强员工之间的信任，并且方便管理层对整个流程进行监督。

2. **明确责任归属**：当每个步骤都有详细的电子文档支持时，一旦出现问题或争议，能够快速准确地追溯到具体责任人及其行为，从而简化了责任界定的过程。

3. **提高效率**：使用统一平台管理各种申请、审批等事务，可以减少纸质文件流转所需的时间成本，同时避免因手动传递信息而可能发生的错误或延误。

4. **数据完整性和安全性**：相对于口头沟通或其他非正式渠道而言，在专用系统内保存的数据更易于维护其完整性及保密性，特别是对于涉及敏感信息（如财务数据、个人隐私）的情况尤为重要。

5. **便于后续审计与复盘**：系统中的历史记录为未来的内部审查提供了重要依据，帮助组织识别潜在的风险点并采取相应改进措施；此外，这些资料也有助于总结经验教训，促进持续改进。

总之，要求所有流程都在指定系统中发起并留下痕迹是为了实现更好的管理和控制，保障业务连续性的同时降低运营风险。","[""### 公司治理与组织管理 - 经营复盘\n经营复盘制度用于规范公司治理与组织管理相关事项的申请、审批、执行、留痕和复盘。该制度强调流程透明、职责明确、数据完整和风险前置识别，适合日常运营、跨部门协作、项目交付和审计检查等场景。\n1. 适用范围包括正式员工、试用期员工、实习生、外包人员以及经授权访问公司系统的合作伙伴。制度执行时应以业务连续性、风险可控和责任清晰为原则。\n2. 所有流程均应在公司指定系统中发起和留痕，口头沟通只能作为辅助说明，不能替代审批记录。涉及资金、客户数据、源代码、合同文本和员工个人信息的事项必须保留完整操作日志。\n3. 申请人负责保证提交材料真实、完整、及时；直属主管负责判断业务必要性和资源合理性；职能部门负责制度合规性审核；最终审批人对审批结果承担管理责任。\n4. 常见异常包括材料缺失、审批链路错误、超期提交、预算不足、权限范围过大、交接不完整和重复申请。发现异常后应先暂停执行，再补充说明并重新提交审批。\n5. 系统记录是后续审计、复盘和责任界定的重要依据。任何人不得绕过系统私自处理，也不得要求他人代填、代签、代审批或删除真实记录。"", ""### 公司治理与组织管理 - 组织架构\n组织架构制度用于规范公司治理与组织管理相关事项的申请、审批、执行、留痕和复盘。该制度强调流程透明、职责明确、数据完整和风险前置识别，适合日常运营、跨部门协作、项目交付和审计检查等场景。\n1. 适用范围包括正式员工、试用期员工、实习生、外包人员以及经授权访问公司系统的合作伙伴。制度执行时应以业务连续性、风险可控和责任清晰为原则。\n2. 所有流程均应在公司指定系统中发起和留痕，口头沟通只能作为辅助说明，不能替代审批记录。涉及资金、客户数据、源代码、合同文本和员工个人信息的事项必须保留完整操作日志。\n3. 申请人负责保证提交材料真实、完整、及时；直属主管负责判断业务必要性和资源合理性；职能部门负责制度合规性审核；最终审批人对审批结果承担管理责任。\n4. 常见异常包括材料缺失、审批链路错误、超期提交、预算不足、权限范围过大、交接不完整和重复申请。发现异常后应先暂停执行，再补充说明并重新提交审批。\n5. 系统记录是后续审计、复盘和责任界定的重要依据。任何人不得绕过系统私自处理，也不得要求他人代填、代签、代审批或删除真实记录。"", ""### 公司治理与组织管理 - 会议机制\n会议机制制度用于规范公司治理与组织管理相关事项的申请、审批、执行、留痕和复盘。该制度强调流程透明、职责明确、数据完整和风险前置识别，适合日常运营、跨部门协作、项目交付和审计检查等场景。\n1. 适用范围包括正式员工、试用期员工、实习生、外包人员以及经授权访问公司系统的合作伙伴。制度执行时应以业务连续性、风险可控和责任清晰为原则。\n2. 所有流程均应在公司指定系统中发起和留痕，口头沟通只能作为辅助说明，不能替代审批记录。涉及资金、客户数据、源代码、合同文本和员工个人信息的事项必须保留完整操作日志。\n3. 申请人负责保证提交材料真实、完整、及时；直属主管负责判断业务必要性和资源合理性；职能部门负责制度合规性审核；最终审批人对审批结果承担管理责任。\n4. 常见异常包括材料缺失、审批链路错误、超期提交、预算不足、权限范围过大、交接不完整和重复申请。发现异常后应先暂停执行，再补充说明并重新提交审批。\n5. 系统记录是后续审计、复盘和责任界定的重要依据。任何人不得绕过系统私自处理，也不得要求他人代填、代签、代审批或删除真实记录。"", ""### 公司治理与组织管理 - 公司愿景\n公司愿景制度用于规范公司治理与组织管理相关事项的申请、审批、执行、留痕和复盘。该制度强调流程透明、职责明确、数据完整和风险前置识别，适合日常运营、跨部门协作、项目交付和审计检查等场景。\n1. 适用范围包括正式员工、试用期员工、实习生、外包人员以及经授权访问公司系统的合作伙伴。制度执行时应以业务连续性、风险可控和责任清晰为原则。\n2. 所有流程均应在公司指定系统中发起和留痕，口头沟通只能作为辅助说明，不能替代审批记录。涉及资金、客户数据、源代码、合同文本和员工个人信息的事项必须保留完整操作日志。\n3. 申请人负责保证提交材料真实、完整、及时；直属主管负责判断业务必要性和资源合理性；职能部门负责制度合规性审核；最终审批人对审批结果承担管理责任。\n4. 常见异常包括材料缺失、审批链路错误、超期提交、预算不足、权限范围过大、交接不完整和重复申请。发现异常后应先暂停执行，再补充说明并重新提交审批。\n5. 系统记录是后续审计、复盘和责任界定的重要依据。任何人不得绕过系统私自处理，也不得要求他人代填、代签、代审批或删除真实记录。"", ""典型场景：\n- 员工首次遇到该事项时，应先查阅制度说明，再咨询直属主管或流程负责人，避免因理解偏差造成返工。\n- 跨部门协作场景下，发起部门应提前说明背景、目标、截止时间、影响范围和所需支持，接收部门应在一个工作日内确认是否能够承接。\n- 紧急场景可以先通过电话或即时通讯同步风险，但事后两个工作日内必须补齐系统记录、审批附件和处理结论。\n- 如果事项涉及客户承诺，应先确认合同边界和服务等级，不得擅自承诺超出合同范围的交付内容、响应时间或赔偿条件。\n- 如果事项涉及个人信息、敏感商业数据或公司核心资产，应遵循最小权限原则，只授权完成任务所必需的人员和时长。\n- 流程结束后，负责人应沉淀处理经验，将常见问题、判断标准和注意事项更新到知识库，供后续团队复用。""]","[""所有流程应在公司指定系统中发起和留痕，因为系统记录是后续审计、复盘和责任界定的重要依据，口头沟通不能替代审批记录。""]"
跨部门协作时，发起部门需要提前说明哪些信息？,"跨部门协作时，发起部门需要提前说明以下信息：

- 背景
- 目标
- 截止时间
- 影响范围
- 所需支持","[""典型场景：\n- 员工首次遇到该事项时，应先查阅制度说明，再咨询直属主管或流程负责人，避免因理解偏差造成返工。\n- 跨部门协作场景下，发起部门应提前说明背景、目标、截止时间、影响范围和所需支持，接收部门应在一个工作日内确认是否能够承接。\n- 紧急场景可以先通过电话或即时通讯同步风险，但事后两个工作日内必须补齐系统记录、审批附件和处理结论。\n- 如果事项涉及客户承诺，应先确认合同边界和服务等级，不得擅自承诺超出合同范围的交付内容、响应时间或赔偿条件。\n- 如果事项涉及个人信息、敏感商业数据或公司核心资产，应遵循最小权限原则，只授权完成任务所必需的人员和时长。\n- 流程结束后，负责人应沉淀处理经验，将常见问题、判断标准和注意事项更新到知识库，供后续团队复用。""]","[""跨部门协作时，发起部门应提前说明背景、目标、截止时间、影响范围和所需支持，接收部门应在一个工作日内确认是否承接。""]"
紧急场景是否可以先处理后补审批？,"是的，在紧急场景下可以先处理后补审批，但需满足以下条件：
- 紧急事故、客户重大风险或系统中断等特殊情况。
- 处理后必须补充审批和说明。","[""风险控制：\n- 风险点一：审批缺失会导致责任无法追溯，严重时可能形成财务、合同或信息安全风险。\n- 风险点二：材料不完整会影响处理效率，也会导致后续稽核无法证明事项真实性。\n- 风险点三：权限长期不回收会增加数据泄露和误操作概率，应定期盘点。\n- 风险点四：跨部门信息不一致会导致重复劳动、客户体验下降或项目延期。\n- 风险点五：制度执行只看形式不看业务目标，会造成流程空转，应在合规前提下保证效率。\n\n常见问答：\n问：是否可以先执行后审批？\n答：原则上不可以。只有紧急事故、客户重大风险或系统中断等特殊情况可以先处理，但必须补充审批和说明。\n问：审批被退回怎么办？\n答：申请人应根据退回原因补充材料或调整方案，不得重复提交相同内容，也不得绕过原审批链路。\n问：谁负责最终解释？\n答：由制度归口部门负责解释；涉及多个部门时，由归口部门牵头会同法务、人力资源、财务或信息安全共同确认。\n问：历史制度与新制度不一致怎么办？\n答：以最新发布且仍在有效期内的制度为准，特殊项目可按合同或项目批复执行。""]","[""原则上不可以先执行后审批；只有紧急事故、客户重大风险或系统中断等特殊情况可以先处理，但事后必须补齐审批、说明和处理结论。""]"
涉及客户数据、源代码、合同文本和员工个人信息时，制度要求是什么？,"在处理客户数据、源代码、合同文本和员工个人信息等敏感信息时，制度要求通常会非常严格，以确保这些信息的安全性和隐私性。根据您提供的参考知识库内容（即当制度条款与法律法规、客户合同或监管要求存在冲突时，应当优先遵循更严格的要求，并及时通知法务、人力资源或信息安全负责人进行确认），可以推断出以下几个关键点：

1. **遵守更高标准**：如果公司的内部规定与外部的法律法规、客户合同或是行业内的监管要求之间出现了不一致的情况，那么应该选择执行其中更为严格的规定。

2. **及时沟通**：一旦发现上述情况中的任何一种差异，需要立即向相关责任人报告，比如法务部门、人力资源管理部门或者是专门负责信息安全的专业人士。这样做的目的是为了尽快得到正确的指导和支持，避免因误解或误操作而导致的信息泄露或其他风险。

3. **加强保护措施**：对于这类敏感信息，公司还应采取适当的技术手段和管理策略来加强对其的保护，比如加密存储、访问权限控制、定期审计等方法，确保只有授权人员才能接触到这些重要资料。

综上所述，在处理涉及客户数据、源代码、合同文件及员工私人信息的过程中，必须严格遵守所有适用的法律规范以及企业内部政策中最严格的条款，并且在整个过程中保持高度警惕，确保信息的安全不受侵害。同时，遇到任何疑问或不确定之处时，应及时寻求专业意见。","[""6. 若制度条款与法律法规、客户合同或监管要求存在冲突，应优先遵循更严格的要求，并及时通知法务、人力资源或信息安全负责人进行确认。""]","[""涉及客户数据、源代码、合同文本和员工个人信息的事项必须保留完整操作日志，并遵循合规审批和最小权限原则。""]"
财务报销与预算管理中，费用审批常见异常有哪些？,"在财务报销与预算管理中的费用审批过程中，常见的异常情况包括：

1. **材料缺失**：申请人提交的报销材料不齐全，缺少必要的票据、证明文件等。
2. **审批链路错误**：审批流程中出现错误，如未按规定的顺序或层级进行审批，导致审批无效。
3. **超期提交**：报销申请超过了公司规定的提交时限。
4. **预算不足**：申请的费用超出预算范围，或者预算已经用完。
5. **权限范围过大**：申请人的权限不足以批准某些费用，或者审批人越权审批。
6. **交接不完整**：在涉及多个部门或人员的情况下，信息传递和交接不完整，导致审批延误或错误。
7. **重复申请**：同一笔费用被多次申请报销。

发现这些异常后，应先暂停执行，补充说明并重新提交审批。系统记录是后续审计、复盘和责任界定的重要依据，因此必须确保所有操作都在系统中留痕。","[""### 财务报销与预算管理 - 费用审批\n费用审批制度用于规范财务报销与预算管理相关事项的申请、审批、执行、留痕和复盘。该制度强调流程透明、职责明确、数据完整和风险前置识别，适合日常运营、跨部门协作、项目交付和审计检查等场景。\n1. 适用范围包括正式员工、试用期员工、实习生、外包人员以及经授权访问公司系统的合作伙伴。制度执行时应以业务连续性、风险可控和责任清晰为原则。\n2. 所有流程均应在公司指定系统中发起和留痕，口头沟通只能作为辅助说明，不能替代审批记录。涉及资金、客户数据、源代码、合同文本和员工个人信息的事项必须保留完整操作日志。\n3. 申请人负责保证提交材料真实、完整、及时；直属主管负责判断业务必要性和资源合理性；职能部门负责制度合规性审核；最终审批人对审批结果承担管理责任。\n4. 常见异常包括材料缺失、审批链路错误、超期提交、预算不足、权限范围过大、交接不完整和重复申请。发现异常后应先暂停执行，再补充说明并重新提交审批。\n5. 系统记录是后续审计、复盘和责任界定的重要依据。任何人不得绕过系统私自处理，也不得要求他人代填、代签、代审批或删除真实记录。"", ""### 财务报销与预算管理 - 费用稽核\n费用稽核制度用于规范财务报销与预算管理相关事项的申请、审批、执行、留痕和复盘。该制度强调流程透明、职责明确、数据完整和风险前置识别，适合日常运营、跨部门协作、项目交付和审计检查等场景。\n1. 适用范围包括正式员工、试用期员工、实习生、外包人员以及经授权访问公司系统的合作伙伴。制度执行时应以业务连续性、风险可控和责任清晰为原则。\n2. 所有流程均应在公司指定系统中发起和留痕，口头沟通只能作为辅助说明，不能替代审批记录。涉及资金、客户数据、源代码、合同文本和员工个人信息的事项必须保留完整操作日志。\n3. 申请人负责保证提交材料真实、完整、及时；直属主管负责判断业务必要性和资源合理性；职能部门负责制度合规性审核；最终审批人对审批结果承担管理责任。\n4. 常见异常包括材料缺失、审批链路错误、超期提交、预算不足、权限范围过大、交接不完整和重复申请。发现异常后应先暂停执行，再补充说明并重新提交审批。\n5. 系统记录是后续审计、复盘和责任界定的重要依据。任何人不得绕过系统私自处理，也不得要求他人代填、代签、代审批或删除真实记录。"", ""### 财务报销与预算管理 - 差旅报销\n差旅报销制度用于规范财务报销与预算管理相关事项的申请、审批、执行、留痕和复盘。该制度强调流程透明、职责明确、数据完整和风险前置识别，适合日常运营、跨部门协作、项目交付和审计检查等场景。\n1. 适用范围包括正式员工、试用期员工、实习生、外包人员以及经授权访问公司系统的合作伙伴。制度执行时应以业务连续性、风险可控和责任清晰为原则。\n2. 所有流程均应在公司指定系统中发起和留痕，口头沟通只能作为辅助说明，不能替代审批记录。涉及资金、客户数据、源代码、合同文本和员工个人信息的事项必须保留完整操作日志。\n3. 申请人负责保证提交材料真实、完整、及时；直属主管负责判断业务必要性和资源合理性；职能部门负责制度合规性审核；最终审批人对审批结果承担管理责任。\n4. 常见异常包括材料缺失、审批链路错误、超期提交、预算不足、权限范围过大、交接不完整和重复申请。发现异常后应先暂停执行，再补充说明并重新提交审批。\n5. 系统记录是后续审计、复盘和责任界定的重要依据。任何人不得绕过系统私自处理，也不得要求他人代填、代签、代审批或删除真实记录。"", ""### 财务报销与预算管理 - 发票规范\n发票规范制度用于规范财务报销与预算管理相关事项的申请、审批、执行、留痕和复盘。该制度强调流程透明、职责明确、数据完整和风险前置识别，适合日常运营、跨部门协作、项目交付和审计检查等场景。\n1. 适用范围包括正式员工、试用期员工、实习生、外包人员以及经授权访问公司系统的合作伙伴。制度执行时应以业务连续性、风险可控和责任清晰为原则。\n2. 所有流程均应在公司指定系统中发起和留痕，口头沟通只能作为辅助说明，不能替代审批记录。涉及资金、客户数据、源代码、合同文本和员工个人信息的事项必须保留完整操作日志。\n3. 申请人负责保证提交材料真实、完整、及时；直属主管负责判断业务必要性和资源合理性；职能部门负责制度合规性审核；最终审批人对审批结果承担管理责任。\n4. 常见异常包括材料缺失、审批链路错误、超期提交、预算不足、权限范围过大、交接不完整和重复申请。发现异常后应先暂停执行，再补充说明并重新提交审批。\n5. 系统记录是后续审计、复盘和责任界定的重要依据。任何人不得绕过系统私自处理，也不得要求他人代填、代签、代审批或删除真实记录。"", ""### 财务报销与预算管理 - 费用稽核\n费用稽核制度用于规范财务报销与预算管理相关事项的申请、审批、执行、留痕和复盘。该制度强调流程透明、职责明确、数据完整和风险前置识别，适合日常运营、跨部门协作、项目交付和审计检查等场景。\n1. 适用范围包括正式员工、试用期员工、实习生、外包人员以及经授权访问公司系统的合作伙伴。制度执行时应以业务连续性、风险可控和责任清晰为原则。\n2. 所有流程均应在公司指定系统中发起和留痕，口头沟通只能作为辅助说明，不能替代审批记录。涉及资金、客户数据、源代码、合同文本和员工个人信息的事项必须保留完整操作日志。\n3. 申请人负责保证提交材料真实、完整、及时；直属主管负责判断业务必要性和资源合理性；职能部门负责制度合规性审核；最终审批人对审批结果承担管理责任。\n4. 常见异常包括材料缺失、审批链路错误、超期提交、预算不足、权限范围过大、交接不完整和重复申请。发现异常后应先暂停执行，再补充说明并重新提交审批。\n5. 系统记录是后续审计、复盘和责任界定的重要依据。任何人不得绕过系统私自处理，也不得要求他人代填、代签、代审批或删除真实记录。""]","[""常见异常包括材料缺失、审批链路错误、超期提交、预算不足、权限范围过大、交接不完整和重复申请。""]"
预算申请完成后为什么需要归档和复盘？,"预算申请完成后需要归档和复盘，主要是为了确保流程的透明性、责任的清晰性以及经验的积累与优化。具体原因如下：

1. **归档的目的**：
   - **记录留痕**：归档可以确保所有预算申请相关的材料、审批过程、执行结果等都有完整的记录，便于后续审计、检查或追溯。
   - **数据完整性**：归档有助于保持数据的完整性和一致性，为未来的财务分析、预算规划提供可靠的数据支持。
   - **合规性保障**：通过归档，公司能够满足内部制度和外部监管的要求，避免因资料缺失而引发的风险。

2. **复盘的目的**：
   - **总结经验**：通过对预算申请和执行过程的回顾，可以发现哪些环节做得好，哪些地方需要改进，从而提升整体效率。
   - **风险识别与控制**：复盘可以帮助识别在预算申请过程中出现的异常情况（如材料缺失、超期提交、预算不足等），并制定相应的改进措施，以降低未来类似问题的发生概率。
   - **知识沉淀**：将可复用的经验更新到团队知识库中，有助于团队成员共享信息、提高协作效率，并为后续项目提供参考依据。
   - **持续优化**：通过复盘，可以不断优化预算申请和管理流程，使其更加符合实际业务需求，提升组织的整体运营能力。

综上所述，归档和复盘是预算申请流程中不可或缺的环节，它们不仅有助于当前工作的完成，也为未来的管理和决策提供了重要支持。","[""操作流程：\n步骤1：发起人确认业务背景、目标、范围、预算或资源需求，并准备必要附件。\n步骤2：直属主管进行必要性审核，重点判断事项是否符合当前业务目标和团队资源安排。\n步骤3：归口部门进行制度审核，确认材料、权限、金额、合同、数据范围或交付边界是否合规。\n步骤4：审批通过后由责任人执行，并在系统中记录关键节点、执行结果和异常情况。\n步骤5：流程完成后进行归档，必要时组织复盘，将可复用经验更新到团队知识库。"", ""### 财务报销与预算管理 - 预算申请\n预算申请制度用于规范财务报销与预算管理相关事项的申请、审批、执行、留痕和复盘。该制度强调流程透明、职责明确、数据完整和风险前置识别，适合日常运营、跨部门协作、项目交付和审计检查等场景。\n1. 适用范围包括正式员工、试用期员工、实习生、外包人员以及经授权访问公司系统的合作伙伴。制度执行时应以业务连续性、风险可控和责任清晰为原则。\n2. 所有流程均应在公司指定系统中发起和留痕，口头沟通只能作为辅助说明，不能替代审批记录。涉及资金、客户数据、源代码、合同文本和员工个人信息的事项必须保留完整操作日志。\n3. 申请人负责保证提交材料真实、完整、及时；直属主管负责判断业务必要性和资源合理性；职能部门负责制度合规性审核；最终审批人对审批结果承担管理责任。\n4. 常见异常包括材料缺失、审批链路错误、超期提交、预算不足、权限范围过大、交接不完整和重复申请。发现异常后应先暂停执行，再补充说明并重新提交审批。\n5. 系统记录是后续审计、复盘和责任界定的重要依据。任何人不得绕过系统私自处理，也不得要求他人代填、代签、代审批或删除真实记录。"", ""### 行政办公与资产管理 - 档案管理\n档案管理制度用于规范行政办公与资产管理相关事项的申请、审批、执行、留痕和复盘。该制度强调流程透明、职责明确、数据完整和风险前置识别，适合日常运营、跨部门协作、项目交付和审计检查等场景。\n1. 适用范围包括正式员工、试用期员工、实习生、外包人员以及经授权访问公司系统的合作伙伴。制度执行时应以业务连续性、风险可控和责任清晰为原则。\n2. 所有流程均应在公司指定系统中发起和留痕，口头沟通只能作为辅助说明，不能替代审批记录。涉及资金、客户数据、源代码、合同文本和员工个人信息的事项必须保留完整操作日志。\n3. 申请人负责保证提交材料真实、完整、及时；直属主管负责判断业务必要性和资源合理性；职能部门负责制度合规性审核；最终审批人对审批结果承担管理责任。\n4. 常见异常包括材料缺失、审批链路错误、超期提交、预算不足、权限范围过大、交接不完整和重复申请。发现异常后应先暂停执行，再补充说明并重新提交审批。\n5. 系统记录是后续审计、复盘和责任界定的重要依据。任何人不得绕过系统私自处理，也不得要求他人代填、代签、代审批或删除真实记录。"", ""### 项目管理与交付规范 - 项目复盘\n项目复盘制度用于规范项目管理与交付规范相关事项的申请、审批、执行、留痕和复盘。该制度强调流程透明、职责明确、数据完整和风险前置识别，适合日常运营、跨部门协作、项目交付和审计检查等场景。\n1. 适用范围包括正式员工、试用期员工、实习生、外包人员以及经授权访问公司系统的合作伙伴。制度执行时应以业务连续性、风险可控和责任清晰为原则。\n2. 所有流程均应在公司指定系统中发起和留痕，口头沟通只能作为辅助说明，不能替代审批记录。涉及资金、客户数据、源代码、合同文本和员工个人信息的事项必须保留完整操作日志。\n3. 申请人负责保证提交材料真实、完整、及时；直属主管负责判断业务必要性和资源合理性；职能部门负责制度合规性审核；最终审批人对审批结果承担管理责任。\n4. 常见异常包括材料缺失、审批链路错误、超期提交、预算不足、权限范围过大、交接不完整和重复申请。发现异常后应先暂停执行，再补充说明并重新提交审批。\n5. 系统记录是后续审计、复盘和责任界定的重要依据。任何人不得绕过系统私自处理，也不得要求他人代填、代签、代审批或删除真实记录。"", ""### 公司治理与组织管理 - 经营复盘\n经营复盘制度用于规范公司治理与组织管理相关事项的申请、审批、执行、留痕和复盘。该制度强调流程透明、职责明确、数据完整和风险前置识别，适合日常运营、跨部门协作、项目交付和审计检查等场景。\n1. 适用范围包括正式员工、试用期员工、实习生、外包人员以及经授权访问公司系统的合作伙伴。制度执行时应以业务连续性、风险可控和责任清晰为原则。\n2. 所有流程均应在公司指定系统中发起和留痕，口头沟通只能作为辅助说明，不能替代审批记录。涉及资金、客户数据、源代码、合同文本和员工个人信息的事项必须保留完整操作日志。\n3. 申请人负责保证提交材料真实、完整、及时；直属主管负责判断业务必要性和资源合理性；职能部门负责制度合规性审核；最终审批人对审批结果承担管理责任。\n4. 常见异常包括材料缺失、审批链路错误、超期提交、预算不足、权限范围过大、交接不完整和重复申请。发现异常后应先暂停执行，再补充说明并重新提交审批。\n5. 系统记录是后续审计、复盘和责任界定的重要依据。任何人不得绕过系统私自处理，也不得要求他人代填、代签、代审批或删除真实记录。""]","[""流程完成后需要归档，必要时组织复盘，并将可复用经验更新到团队知识库，以便后续审计、复用和责任追溯。""]"
IT账号权限管理为什么要遵循最小权限原则？,"IT账号权限管理遵循最小权限原则主要是为了提高系统的安全性并减少潜在的安全风险。最小权限原则是指每个用户或进程只被赋予完成其工作所必需的最少权限。具体来说，这一原则在账号权限管理中的重要性体现在以下几个方面：

1. **降低安全风险**：通过限制用户仅能访问他们执行职责所需的信息和资源，可以有效防止因恶意行为或误操作导致的数据泄露、篡改等安全事故。
2. **增强控制力**：当出现异常情况时（如数据丢失或系统被攻击），能够更快地定位问题源头，并采取措施进行补救，因为只有少数特定人员拥有相关敏感区域的访问权限。
3. **促进合规性**：许多行业标准及法律法规要求组织必须对个人信息和其他敏感信息实施严格保护。采用最小权限原则有助于确保符合这些规定。
4. **简化管理与维护**：明确界定每个人员的角色及其对应的权限范围，使得管理和审查变得更加简单直接，同时也便于后续调整权限设置。

总之，最小权限原则是保障信息安全的有效手段之一，在实际应用中应结合业务需求灵活配置，既满足工作效率又兼顾安全防护。","[""### IT服务与信息安全 - 账号权限\n账号权限制度用于规范IT服务与信息安全相关事项的申请、审批、执行、留痕和复盘。该制度强调流程透明、职责明确、数据完整和风险前置识别，适合日常运营、跨部门协作、项目交付和审计检查等场景。\n1. 适用范围包括正式员工、试用期员工、实习生、外包人员以及经授权访问公司系统的合作伙伴。制度执行时应以业务连续性、风险可控和责任清晰为原则。\n2. 所有流程均应在公司指定系统中发起和留痕，口头沟通只能作为辅助说明，不能替代审批记录。涉及资金、客户数据、源代码、合同文本和员工个人信息的事项必须保留完整操作日志。\n3. 申请人负责保证提交材料真实、完整、及时；直属主管负责判断业务必要性和资源合理性；职能部门负责制度合规性审核；最终审批人对审批结果承担管理责任。\n4. 常见异常包括材料缺失、审批链路错误、超期提交、预算不足、权限范围过大、交接不完整和重复申请。发现异常后应先暂停执行，再补充说明并重新提交审批。\n5. 系统记录是后续审计、复盘和责任界定的重要依据。任何人不得绕过系统私自处理，也不得要求他人代填、代签、代审批或删除真实记录。""]","[""涉及个人信息、敏感商业数据或公司核心资产时，应遵循最小权限原则，只授权完成任务所必需的人员和时长，以降低数据泄露和误操作风险。""]"
权限长期不回收会带来什么风险？,权限长期不回收会增加数据泄露和误操作的概率，可能导致敏感信息被不当访问或使用，从而引发安全风险。,"[""风险控制：\n- 风险点一：审批缺失会导致责任无法追溯，严重时可能形成财务、合同或信息安全风险。\n- 风险点二：材料不完整会影响处理效率，也会导致后续稽核无法证明事项真实性。\n- 风险点三：权限长期不回收会增加数据泄露和误操作概率，应定期盘点。\n- 风险点四：跨部门信息不一致会导致重复劳动、客户体验下降或项目延期。\n- 风险点五：制度执行只看形式不看业务目标，会造成流程空转，应在合规前提下保证效率。\n\n常见问答：\n问：是否可以先执行后审批？\n答：原则上不可以。只有紧急事故、客户重大风险或系统中断等特殊情况可以先处理，但必须补充审批和说明。\n问：审批被退回怎么办？\n答：申请人应根据退回原因补充材料或调整方案，不得重复提交相同内容，也不得绕过原审批链路。\n问：谁负责最终解释？\n答：由制度归口部门负责解释；涉及多个部门时，由归口部门牵头会同法务、人力资源、财务或信息安全共同确认。\n问：历史制度与新制度不一致怎么办？\n答：以最新发布且仍在有效期内的制度为准，特殊项目可按合同或项目批复执行。""]","[""权限长期不回收会增加数据泄露和误操作概率，因此应定期盘点并及时回收不再需要的权限。""]"
研发上线发布时，如果制度条款和客户合同冲突怎么办？,"当研发上线发布时遇到制度条款和客户合同存在冲突的情况，应遵循以下原则：

- 优先考虑更严格的要求。这意味着如果客户合同中的某些规定比内部制度条款更为严格，则应当按照客户合同来执行；反之亦然。
- 及时通知相关负责人。具体来说，需要将此情况告知法务、人力资源或信息安全等相关部门的负责人，以便他们能够对情况进行评估并给出正式的意见。

这样做不仅有助于确保项目的合规性，也能维护好与客户之间的合作关系。在处理此类问题时，沟通透明度非常重要，确保所有相关方都清楚地了解所采取措施的理由及其影响。","[""6. 若制度条款与法律法规、客户合同或监管要求存在冲突，应优先遵循更严格的要求，并及时通知法务、人力资源或信息安全负责人进行确认。""]","[""若制度条款与法律法规、客户合同或监管要求存在冲突，应优先遵循更严格的要求，并及时通知法务、人力资源或信息安全负责人确认。""]"
研发故障复盘的核心目的是什么？,研发故障复盘的核心目的是规范研发流程与质量管理，通过透明、明确的流程和数据完整性的保障，识别和管理风险，确保业务连续性和责任清晰。,"[""### 研发流程与质量管理 - 故障复盘\n故障复盘制度用于规范研发流程与质量管理相关事项的申请、审批、执行、留痕和复盘。该制度强调流程透明、职责明确、数据完整和风险前置识别，适合日常运营、跨部门协作、项目交付和审计检查等场景。\n1. 适用范围包括正式员工、试用期员工、实习生、外包人员以及经授权访问公司系统的合作伙伴。制度执行时应以业务连续性、风险可控和责任清晰为原则。\n2. 所有流程均应在公司指定系统中发起和留痕，口头沟通只能作为辅助说明，不能替代审批记录。涉及资金、客户数据、源代码、合同文本和员工个人信息的事项必须保留完整操作日志。\n3. 申请人负责保证提交材料真实、完整、及时；直属主管负责判断业务必要性和资源合理性；职能部门负责制度合规性审核；最终审批人对审批结果承担管理责任。\n4. 常见异常包括材料缺失、审批链路错误、超期提交、预算不足、权限范围过大、交接不完整和重复申请。发现异常后应先暂停执行，再补充说明并重新提交审批。\n5. 系统记录是后续审计、复盘和责任界定的重要依据。任何人不得绕过系统私自处理，也不得要求他人代填、代签、代审批或删除真实记录。"", ""### 项目管理与交付规范 - 项目复盘\n项目复盘制度用于规范项目管理与交付规范相关事项的申请、审批、执行、留痕和复盘。该制度强调流程透明、职责明确、数据完整和风险前置识别，适合日常运营、跨部门协作、项目交付和审计检查等场景。\n1. 适用范围包括正式员工、试用期员工、实习生、外包人员以及经授权访问公司系统的合作伙伴。制度执行时应以业务连续性、风险可控和责任清晰为原则。\n2. 所有流程均应在公司指定系统中发起和留痕，口头沟通只能作为辅助说明，不能替代审批记录。涉及资金、客户数据、源代码、合同文本和员工个人信息的事项必须保留完整操作日志。\n3. 申请人负责保证提交材料真实、完整、及时；直属主管负责判断业务必要性和资源合理性；职能部门负责制度合规性审核；最终审批人对审批结果承担管理责任。\n4. 常见异常包括材料缺失、审批链路错误、超期提交、预算不足、权限范围过大、交接不完整和重复申请。发现异常后应先暂停执行，再补充说明并重新提交审批。\n5. 系统记录是后续审计、复盘和责任界定的重要依据。任何人不得绕过系统私自处理，也不得要求他人代填、代签、代审批或删除真实记录。"", ""### 研发流程与质量管理 - 上线发布\n上线发布制度用于规范研发流程与质量管理相关事项的申请、审批、执行、留痕和复盘。该制度强调流程透明、职责明确、数据完整和风险前置识别，适合日常运营、跨部门协作、项目交付和审计检查等场景。\n1. 适用范围包括正式员工、试用期员工、实习生、外包人员以及经授权访问公司系统的合作伙伴。制度执行时应以业务连续性、风险可控和责任清晰为原则。\n2. 所有流程均应在公司指定系统中发起和留痕，口头沟通只能作为辅助说明，不能替代审批记录。涉及资金、客户数据、源代码、合同文本和员工个人信息的事项必须保留完整操作日志。\n3. 申请人负责保证提交材料真实、完整、及时；直属主管负责判断业务必要性和资源合理性；职能部门负责制度合规性审核；最终审批人对审批结果承担管理责任。\n4. 常见异常包括材料缺失、审批链路错误、超期提交、预算不足、权限范围过大、交接不完整和重复申请。发现异常后应先暂停执行，再补充说明并重新提交审批。\n5. 系统记录是后续审计、复盘和责任界定的重要依据。任何人不得绕过系统私自处理，也不得要求他人代填、代签、代审批或删除真实记录。"", ""### 研发流程与质量管理 - 技术债治理\n技术债治理制度用于规范研发流程与质量管理相关事项的申请、审批、执行、留痕和复盘。该制度强调流程透明、职责明确、数据完整和风险前置识别，适合日常运营、跨部门协作、项目交付和审计检查等场景。\n1. 适用范围包括正式员工、试用期员工、实习生、外包人员以及经授权访问公司系统的合作伙伴。制度执行时应以业务连续性、风险可控和责任清晰为原则。\n2. 所有流程均应在公司指定系统中发起和留痕，口头沟通只能作为辅助说明，不能替代审批记录。涉及资金、客户数据、源代码、合同文本和员工个人信息的事项必须保留完整操作日志。\n3. 申请人负责保证提交材料真实、完整、及时；直属主管负责判断业务必要性和资源合理性；职能部门负责制度合规性审核；最终审批人对审批结果承担管理责任。\n4. 常见异常包括材料缺失、审批链路错误、超期提交、预算不足、权限范围过大、交接不完整和重复申请。发现异常后应先暂停执行，再补充说明并重新提交审批。\n5. 系统记录是后续审计、复盘和责任界定的重要依据。任何人不得绕过系统私自处理，也不得要求他人代填、代签、代审批或删除真实记录。"", ""### 项目管理与交付规范 - 项目复盘\n项目复盘制度用于规范项目管理与交付规范相关事项的申请、审批、执行、留痕和复盘。该制度强调流程透明、职责明确、数据完整和风险前置识别，适合日常运营、跨部门协作、项目交付和审计检查等场景。\n1. 适用范围包括正式员工、试用期员工、实习生、外包人员以及经授权访问公司系统的合作伙伴。制度执行时应以业务连续性、风险可控和责任清晰为原则。\n2. 所有流程均应在公司指定系统中发起和留痕，口头沟通只能作为辅助说明，不能替代审批记录。涉及资金、客户数据、源代码、合同文本和员工个人信息的事项必须保留完整操作日志。\n3. 申请人负责保证提交材料真实、完整、及时；直属主管负责判断业务必要性和资源合理性；职能部门负责制度合规性审核；最终审批人对审批结果承担管理责任。\n4. 常见异常包括材料缺失、审批链路错误、超期提交、预算不足、权限范围过大、交接不完整和重复申请。发现异常后应先暂停执行，再补充说明并重新提交审批。\n5. 系统记录是后续审计、复盘和责任界定的重要依据。任何人不得绕过系统私自处理，也不得要求他人代填、代签、代审批或删除真实记录。""]","[""故障复盘应记录关键节点、执行结果和异常情况，沉淀处理经验，将常见问题、判断标准和注意事项更新到知识库，供后续团队复用。""]"
客户服务SLA问题中，能否擅自承诺合同外的响应时间？,"在客户服务SLA（服务水平协议）中，不应该擅自承诺合同外的响应时间。根据提供的SLA规则制度信息，所有涉及客户的服务承诺都应当严格遵守已经签订的合同条款以及公司内部的相关规定。如果需要对现有的SLA做出调整或额外承诺，必须经过正式的审批流程，并确保这些变更被正确记录并得到相关方的认可。

具体来说：
- 任何关于服务标准的更改都需要通过适当的渠道进行申请和批准。
- 如果有特殊情况下确实需要提供不同于合同规定的响应时间，则应该事先与客户沟通清楚，并且获得管理层及相关职能部门（如法务部门）的同意。
- 所有的沟通和决策过程都应该在公司指定系统中留痕，以保证透明度及可追溯性。

总之，在没有得到适当授权的情况下，员工不应私自向客户承诺超出合同约定的服务水平。","[""### 客户服务与售后支持 - SLA规则\nSLA规则制度用于规范客户服务与售后支持相关事项的申请、审批、执行、留痕和复盘。该制度强调流程透明、职责明确、数据完整和风险前置识别，适合日常运营、跨部门协作、项目交付和审计检查等场景。\n1. 适用范围包括正式员工、试用期员工、实习生、外包人员以及经授权访问公司系统的合作伙伴。制度执行时应以业务连续性、风险可控和责任清晰为原则。\n2. 所有流程均应在公司指定系统中发起和留痕，口头沟通只能作为辅助说明，不能替代审批记录。涉及资金、客户数据、源代码、合同文本和员工个人信息的事项必须保留完整操作日志。\n3. 申请人负责保证提交材料真实、完整、及时；直属主管负责判断业务必要性和资源合理性；职能部门负责制度合规性审核；最终审批人对审批结果承担管理责任。\n4. 常见异常包括材料缺失、审批链路错误、超期提交、预算不足、权限范围过大、交接不完整和重复申请。发现异常后应先暂停执行，再补充说明并重新提交审批。\n5. 系统记录是后续审计、复盘和责任界定的重要依据。任何人不得绕过系统私自处理，也不得要求他人代填、代签、代审批或删除真实记录。"", ""6. 若制度条款与法律法规、客户合同或监管要求存在冲突，应优先遵循更严格的要求，并及时通知法务、人力资源或信息安全负责人进行确认。""]","[""不能。涉及客户承诺时，应先确认合同边界和服务等级，不得擅自承诺超出合同范围的交付内容、响应时间或赔偿条件。""]"
客户问题升级时，接收部门多久需要确认是否承接？,根据提供的信息，未明确说明客户问题升级时接收部门需要在多长时间内确认是否承接。建议参考具体的企业内部流程或联系相关负责人获取更详细的信息。,"[""### 客户服务与售后支持 - 问题升级\n问题升级制度用于规范客户服务与售后支持相关事项的申请、审批、执行、留痕和复盘。该制度强调流程透明、职责明确、数据完整和风险前置识别，适合日常运营、跨部门协作、项目交付和审计检查等场景。\n1. 适用范围包括正式员工、试用期员工、实习生、外包人员以及经授权访问公司系统的合作伙伴。制度执行时应以业务连续性、风险可控和责任清晰为原则。\n2. 所有流程均应在公司指定系统中发起和留痕，口头沟通只能作为辅助说明，不能替代审批记录。涉及资金、客户数据、源代码、合同文本和员工个人信息的事项必须保留完整操作日志。\n3. 申请人负责保证提交材料真实、完整、及时；直属主管负责判断业务必要性和资源合理性；职能部门负责制度合规性审核；最终审批人对审批结果承担管理责任。\n4. 常见异常包括材料缺失、审批链路错误、超期提交、预算不足、权限范围过大、交接不完整和重复申请。发现异常后应先暂停执行，再补充说明并重新提交审批。\n5. 系统记录是后续审计、复盘和责任界定的重要依据。任何人不得绕过系统私自处理，也不得要求他人代填、代签、代审批或删除真实记录。""]","[""跨部门协作场景下，接收部门应在一个工作日内确认是否能够承接。""]"
合同审批中，申请人需要承担什么责任？,"根据合同审批制度的规定，申请人需要承担以下责任：

1. **保证提交材料的真实、完整和及时**：申请人需确保所提交的材料内容真实无误，信息完整，并且在规定的时间内提交。

2. **配合审批流程**：申请人需积极配合审批过程，包括补充说明、修改材料或处理异常情况。

3. **遵守制度要求**：申请人应遵循合同审批制度的相关规定，如在公司指定系统中发起和留痕流程，不得绕过系统私自处理。

4. **对申请事项的合理性负责**：申请人需确保申请事项的业务必要性和资源合理性，避免不必要的支出或风险。

总之，申请人是合同审批流程的起点，其责任在于确保申请的合规性、真实性和完整性。","[""### 采购、合同与法务 - 合同审批\n合同审批制度用于规范采购、合同与法务相关事项的申请、审批、执行、留痕和复盘。该制度强调流程透明、职责明确、数据完整和风险前置识别，适合日常运营、跨部门协作、项目交付和审计检查等场景。\n1. 适用范围包括正式员工、试用期员工、实习生、外包人员以及经授权访问公司系统的合作伙伴。制度执行时应以业务连续性、风险可控和责任清晰为原则。\n2. 所有流程均应在公司指定系统中发起和留痕，口头沟通只能作为辅助说明，不能替代审批记录。涉及资金、客户数据、源代码、合同文本和员工个人信息的事项必须保留完整操作日志。\n3. 申请人负责保证提交材料真实、完整、及时；直属主管负责判断业务必要性和资源合理性；职能部门负责制度合规性审核；最终审批人对审批结果承担管理责任。\n4. 常见异常包括材料缺失、审批链路错误、超期提交、预算不足、权限范围过大、交接不完整和重复申请。发现异常后应先暂停执行，再补充说明并重新提交审批。\n5. 系统记录是后续审计、复盘和责任界定的重要依据。任何人不得绕过系统私自处理，也不得要求他人代填、代签、代审批或删除真实记录。""]","[""申请人负责保证提交材料真实、完整、及时，确保业务背景、目标、范围、预算或资源需求清晰，并准备必要附件。""]"
法务合规审查中，最终审批人承担什么责任？,"在法务合规审查中，最终审批人对审批结果承担管理责任。具体来说，这意味着最终审批人需要确保：

1. 所有提交的材料已经经过了适当的审核，并且是真实、完整和及时的。
2. 业务的必要性和资源的合理性得到了充分评估。
3. 审批过程符合公司的合规要求和其他相关法律法规。
4. 在审批过程中发现的问题或异常情况得到了妥善处理。

如果出现任何问题，如审批不当导致的风险或损失，最终审批人可能需要对此负责。因此，作为最终审批人，需要非常谨慎地对待每一个审批请求，确保所有决策都是基于充分的信息和合理的判断。","[""### 采购、合同与法务 - 合规审查\n合规审查制度用于规范采购、合同与法务相关事项的申请、审批、执行、留痕和复盘。该制度强调流程透明、职责明确、数据完整和风险前置识别，适合日常运营、跨部门协作、项目交付和审计检查等场景。\n1. 适用范围包括正式员工、试用期员工、实习生、外包人员以及经授权访问公司系统的合作伙伴。制度执行时应以业务连续性、风险可控和责任清晰为原则。\n2. 所有流程均应在公司指定系统中发起和留痕，口头沟通只能作为辅助说明，不能替代审批记录。涉及资金、客户数据、源代码、合同文本和员工个人信息的事项必须保留完整操作日志。\n3. 申请人负责保证提交材料真实、完整、及时；直属主管负责判断业务必要性和资源合理性；职能部门负责制度合规性审核；最终审批人对审批结果承担管理责任。\n4. 常见异常包括材料缺失、审批链路错误、超期提交、预算不足、权限范围过大、交接不完整和重复申请。发现异常后应先暂停执行，再补充说明并重新提交审批。\n5. 系统记录是后续审计、复盘和责任界定的重要依据。任何人不得绕过系统私自处理，也不得要求他人代填、代签、代审批或删除真实记录。"", ""### 采购、合同与法务 - 合同审批\n合同审批制度用于规范采购、合同与法务相关事项的申请、审批、执行、留痕和复盘。该制度强调流程透明、职责明确、数据完整和风险前置识别，适合日常运营、跨部门协作、项目交付和审计检查等场景。\n1. 适用范围包括正式员工、试用期员工、实习生、外包人员以及经授权访问公司系统的合作伙伴。制度执行时应以业务连续性、风险可控和责任清晰为原则。\n2. 所有流程均应在公司指定系统中发起和留痕，口头沟通只能作为辅助说明，不能替代审批记录。涉及资金、客户数据、源代码、合同文本和员工个人信息的事项必须保留完整操作日志。\n3. 申请人负责保证提交材料真实、完整、及时；直属主管负责判断业务必要性和资源合理性；职能部门负责制度合规性审核；最终审批人对审批结果承担管理责任。\n4. 常见异常包括材料缺失、审批链路错误、超期提交、预算不足、权限范围过大、交接不完整和重复申请。发现异常后应先暂停执行，再补充说明并重新提交审批。\n5. 系统记录是后续审计、复盘和责任界定的重要依据。任何人不得绕过系统私自处理，也不得要求他人代填、代签、代审批或删除真实记录。"", ""风险控制：\n- 风险点一：审批缺失会导致责任无法追溯，严重时可能形成财务、合同或信息安全风险。\n- 风险点二：材料不完整会影响处理效率，也会导致后续稽核无法证明事项真实性。\n- 风险点三：权限长期不回收会增加数据泄露和误操作概率，应定期盘点。\n- 风险点四：跨部门信息不一致会导致重复劳动、客户体验下降或项目延期。\n- 风险点五：制度执行只看形式不看业务目标，会造成流程空转，应在合规前提下保证效率。\n\n常见问答：\n问：是否可以先执行后审批？\n答：原则上不可以。只有紧急事故、客户重大风险或系统中断等特殊情况可以先处理，但必须补充审批和说明。\n问：审批被退回怎么办？\n答：申请人应根据退回原因补充材料或调整方案，不得重复提交相同内容，也不得绕过原审批链路。\n问：谁负责最终解释？\n答：由制度归口部门负责解释；涉及多个部门时，由归口部门牵头会同法务、人力资源、财务或信息安全共同确认。\n问：历史制度与新制度不一致怎么办？\n答：以最新发布且仍在有效期内的制度为准，特殊项目可按合同或项目批复执行。""]","[""最终审批人对审批结果承担管理责任，职能部门负责制度合规性审核，主管负责业务必要性和资源合理性判断。""]"
项目变更控制中，如果材料不完整会有什么影响？,"如果项目变更控制中的材料不完整，可能会导致以下影响：

1. **处理效率降低**：材料不完整会增加审核和处理的时间，影响项目推进的进度。
2. **后续稽核困难**：材料不完整可能导致无法有效证明事项的真实性，给后续的审计或检查带来困难。
3. **风险增加**：缺少必要的信息可能使决策缺乏依据，增加项目执行过程中的不确定性和潜在风险。

因此，在项目变更控制中，确保材料的完整性和准确性是非常重要的。","[""风险控制：\n- 风险点一：审批缺失会导致责任无法追溯，严重时可能形成财务、合同或信息安全风险。\n- 风险点二：材料不完整会影响处理效率，也会导致后续稽核无法证明事项真实性。\n- 风险点三：权限长期不回收会增加数据泄露和误操作概率，应定期盘点。\n- 风险点四：跨部门信息不一致会导致重复劳动、客户体验下降或项目延期。\n- 风险点五：制度执行只看形式不看业务目标，会造成流程空转，应在合规前提下保证效率。\n\n常见问答：\n问：是否可以先执行后审批？\n答：原则上不可以。只有紧急事故、客户重大风险或系统中断等特殊情况可以先处理，但必须补充审批和说明。\n问：审批被退回怎么办？\n答：申请人应根据退回原因补充材料或调整方案，不得重复提交相同内容，也不得绕过原审批链路。\n问：谁负责最终解释？\n答：由制度归口部门负责解释；涉及多个部门时，由归口部门牵头会同法务、人力资源、财务或信息安全共同确认。\n问：历史制度与新制度不一致怎么办？\n答：以最新发布且仍在有效期内的制度为准，特殊项目可按合同或项目批复执行。""]","[""材料不完整会影响处理效率，也会导致后续稽核无法证明事项真实性。""]"
项目交付验收完成后，负责人还需要做什么？,"项目交付验收完成后，负责人还需要进行以下工作：

1. **项目复盘**：组织团队对项目进行总结复盘，分析项目过程中的成功经验和存在的问题，形成书面报告，为后续项目提供参考和改进依据。

2. **资料归档**：确保所有与项目相关的文档、审批记录、验收材料等完整归档，便于后续审计、复盘或责任界定。

3. **系统留痕**：在公司指定系统中完成项目交付验收的最终操作，并确保所有流程在系统中留有完整记录。

4. **交接确认**：与接收方（如客户、运营部门或其他相关方）确认交付内容已完整交接，确保无遗漏或未解决的问题。

5. **风险回顾**：回顾项目过程中识别的风险及应对措施，评估其有效性，为未来项目的风险管理提供经验。

6. **反馈收集**：收集客户、团队成员及其他相关方的反馈，用于评估项目成果和改进后续工作。

7. **后续跟进**：根据项目交付后的计划，安排必要的后续支持或维护工作，确保项目成果能够持续发挥作用。

以上步骤有助于确保项目交付的完整性、可追溯性以及后续工作的顺利开展。","[""### 项目管理与交付规范 - 项目复盘\n项目复盘制度用于规范项目管理与交付规范相关事项的申请、审批、执行、留痕和复盘。该制度强调流程透明、职责明确、数据完整和风险前置识别，适合日常运营、跨部门协作、项目交付和审计检查等场景。\n1. 适用范围包括正式员工、试用期员工、实习生、外包人员以及经授权访问公司系统的合作伙伴。制度执行时应以业务连续性、风险可控和责任清晰为原则。\n2. 所有流程均应在公司指定系统中发起和留痕，口头沟通只能作为辅助说明，不能替代审批记录。涉及资金、客户数据、源代码、合同文本和员工个人信息的事项必须保留完整操作日志。\n3. 申请人负责保证提交材料真实、完整、及时；直属主管负责判断业务必要性和资源合理性；职能部门负责制度合规性审核；最终审批人对审批结果承担管理责任。\n4. 常见异常包括材料缺失、审批链路错误、超期提交、预算不足、权限范围过大、交接不完整和重复申请。发现异常后应先暂停执行，再补充说明并重新提交审批。\n5. 系统记录是后续审计、复盘和责任界定的重要依据。任何人不得绕过系统私自处理，也不得要求他人代填、代签、代审批或删除真实记录。"", ""### 项目管理与交付规范 - 交付验收\n交付验收制度用于规范项目管理与交付规范相关事项的申请、审批、执行、留痕和复盘。该制度强调流程透明、职责明确、数据完整和风险前置识别，适合日常运营、跨部门协作、项目交付和审计检查等场景。\n1. 适用范围包括正式员工、试用期员工、实习生、外包人员以及经授权访问公司系统的合作伙伴。制度执行时应以业务连续性、风险可控和责任清晰为原则。\n2. 所有流程均应在公司指定系统中发起和留痕，口头沟通只能作为辅助说明，不能替代审批记录。涉及资金、客户数据、源代码、合同文本和员工个人信息的事项必须保留完整操作日志。\n3. 申请人负责保证提交材料真实、完整、及时；直属主管负责判断业务必要性和资源合理性；职能部门负责制度合规性审核；最终审批人对审批结果承担管理责任。\n4. 常见异常包括材料缺失、审批链路错误、超期提交、预算不足、权限范围过大、交接不完整和重复申请。发现异常后应先暂停执行，再补充说明并重新提交审批。\n5. 系统记录是后续审计、复盘和责任界定的重要依据。任何人不得绕过系统私自处理，也不得要求他人代填、代签、代审批或删除真实记录。"", ""### 研发流程与质量管理 - 测试验收\n测试验收制度用于规范研发流程与质量管理相关事项的申请、审批、执行、留痕和复盘。该制度强调流程透明、职责明确、数据完整和风险前置识别，适合日常运营、跨部门协作、项目交付和审计检查等场景。\n1. 适用范围包括正式员工、试用期员工、实习生、外包人员以及经授权访问公司系统的合作伙伴。制度执行时应以业务连续性、风险可控和责任清晰为原则。\n2. 所有流程均应在公司指定系统中发起和留痕，口头沟通只能作为辅助说明，不能替代审批记录。涉及资金、客户数据、源代码、合同文本和员工个人信息的事项必须保留完整操作日志。\n3. 申请人负责保证提交材料真实、完整、及时；直属主管负责判断业务必要性和资源合理性；职能部门负责制度合规性审核；最终审批人对审批结果承担管理责任。\n4. 常见异常包括材料缺失、审批链路错误、超期提交、预算不足、权限范围过大、交接不完整和重复申请。发现异常后应先暂停执行，再补充说明并重新提交审批。\n5. 系统记录是后续审计、复盘和责任界定的重要依据。任何人不得绕过系统私自处理，也不得要求他人代填、代签、代审批或删除真实记录。"", ""风险控制：\n- 风险点一：审批缺失会导致责任无法追溯，严重时可能形成财务、合同或信息安全风险。\n- 风险点二：材料不完整会影响处理效率，也会导致后续稽核无法证明事项真实性。\n- 风险点三：权限长期不回收会增加数据泄露和误操作概率，应定期盘点。\n- 风险点四：跨部门信息不一致会导致重复劳动、客户体验下降或项目延期。\n- 风险点五：制度执行只看形式不看业务目标，会造成流程空转，应在合规前提下保证效率。\n\n常见问答：\n问：是否可以先执行后审批？\n答：原则上不可以。只有紧急事故、客户重大风险或系统中断等特殊情况可以先处理，但必须补充审批和说明。\n问：审批被退回怎么办？\n答：申请人应根据退回原因补充材料或调整方案，不得重复提交相同内容，也不得绕过原审批链路。\n问：谁负责最终解释？\n答：由制度归口部门负责解释；涉及多个部门时，由归口部门牵头会同法务、人力资源、财务或信息安全共同确认。\n问：历史制度与新制度不一致怎么办？\n答：以最新发布且仍在有效期内的制度为准，特殊项目可按合同或项目批复执行。""]","[""流程完成后，负责人应进行归档，必要时组织复盘，并将可复用经验更新到团队知识库。""]"
固定资产管理中，为什么不能绕过系统私自处理？,"在固定资产管理中，不能绕过系统私自处理的主要原因有以下几点：

1. **责任追溯**：系统记录是后续审计、复盘和责任界定的重要依据。如果绕过系统私自处理，会导致责任无法追溯，一旦出现问题或纠纷，难以明确责任归属。

2. **流程透明**：所有流程均应在公司指定系统中发起和留痕，这样可以确保整个审批过程的透明度，便于监督和管理。口头沟通只能作为辅助说明，不能替代正式的审批记录。

3. **合规性**：系统中的操作符合公司的规章制度和法律法规要求。绕过系统私自处理可能会违反制度规定，增加法律和合规风险。

4. **数据完整性和一致性**：系统能够确保所有操作日志的完整性和一致性，避免信息不一致导致的重复劳动、客户体验下降或项目延期等问题。

5. **风险控制**：系统可以帮助识别和控制潜在的风险点，如材料缺失、审批链路错误等。绕过系统私自处理会增加这些风险的发生概率，可能导致财务、合同或信息安全风险。

6. **业务连续性**：通过系统进行处理可以确保业务的连续性和可追溯性，有助于维护公司的正常运营和管理秩序。

因此，为了保证流程的透明、责任的清晰以及风险的可控，必须在系统中进行固定资产的申请、审批和执行。","[""### 行政办公与资产管理 - 固定资产\n固定资产制度用于规范行政办公与资产管理相关事项的申请、审批、执行、留痕和复盘。该制度强调流程透明、职责明确、数据完整和风险前置识别，适合日常运营、跨部门协作、项目交付和审计检查等场景。\n1. 适用范围包括正式员工、试用期员工、实习生、外包人员以及经授权访问公司系统的合作伙伴。制度执行时应以业务连续性、风险可控和责任清晰为原则。\n2. 所有流程均应在公司指定系统中发起和留痕，口头沟通只能作为辅助说明，不能替代审批记录。涉及资金、客户数据、源代码、合同文本和员工个人信息的事项必须保留完整操作日志。\n3. 申请人负责保证提交材料真实、完整、及时；直属主管负责判断业务必要性和资源合理性；职能部门负责制度合规性审核；最终审批人对审批结果承担管理责任。\n4. 常见异常包括材料缺失、审批链路错误、超期提交、预算不足、权限范围过大、交接不完整和重复申请。发现异常后应先暂停执行，再补充说明并重新提交审批。\n5. 系统记录是后续审计、复盘和责任界定的重要依据。任何人不得绕过系统私自处理，也不得要求他人代填、代签、代审批或删除真实记录。"", ""风险控制：\n- 风险点一：审批缺失会导致责任无法追溯，严重时可能形成财务、合同或信息安全风险。\n- 风险点二：材料不完整会影响处理效率，也会导致后续稽核无法证明事项真实性。\n- 风险点三：权限长期不回收会增加数据泄露和误操作概率，应定期盘点。\n- 风险点四：跨部门信息不一致会导致重复劳动、客户体验下降或项目延期。\n- 风险点五：制度执行只看形式不看业务目标，会造成流程空转，应在合规前提下保证效率。\n\n常见问答：\n问：是否可以先执行后审批？\n答：原则上不可以。只有紧急事故、客户重大风险或系统中断等特殊情况可以先处理，但必须补充审批和说明。\n问：审批被退回怎么办？\n答：申请人应根据退回原因补充材料或调整方案，不得重复提交相同内容，也不得绕过原审批链路。\n问：谁负责最终解释？\n答：由制度归口部门负责解释；涉及多个部门时，由归口部门牵头会同法务、人力资源、财务或信息安全共同确认。\n问：历史制度与新制度不一致怎么办？\n答：以最新发布且仍在有效期内的制度为准，特殊项目可按合同或项目批复执行。""]","[""任何人不得绕过系统私自处理，因为系统记录是审计、复盘和责任界定的重要依据，绕过系统会导致责任无法追溯。""]"
行政访客管理如果涉及敏感区域或数据访问，应遵循什么原则？,"当行政访客管理涉及敏感区域或数据访问时，应遵循以下原则：

1. **业务连续性**：确保在处理敏感信息和访问控制的过程中，公司的正常运营不会受到影响。
2. **风险可控**：对可能存在的安全风险进行评估，并采取适当的措施来降低这些风险。例如，限制不必要的访问权限、定期审查访问记录等。
3. **责任清晰**：明确各方（如申请人、直属主管、职能部门及最终审批人）的责任，确保每个环节都有专人负责，并且能够追溯到具体责任人。
4. **流程透明**：所有相关操作都应在公司指定的系统中发起并留痕，避免口头沟通成为主要依据。这有助于保持过程的透明度，便于后续审计与复盘。
5. **数据完整**：对于涉及到资金、客户数据、源代码、合同文本和个人信息等重要资料的操作，必须保留完整的操作日志以备查证。

此外，在处理此类情况时还需要特别注意：
- 仅授权给确实需要访问特定资源的人员相应的权限；
- 对于外部访客，需经过严格的背景调查，并签署保密协议；
- 定期开展安全意识培训，提高员工对保护敏感信息重要性的认识；
- 遵守更严格的规定：如果制度条款与法律法规、客户合同或监管要求存在冲突，则应优先遵守后者，并及时通知相关部门（如法务部、人力资源部或信息安全团队）进行确认。","[""### 行政办公与资产管理 - 访客管理\n访客管理制度用于规范行政办公与资产管理相关事项的申请、审批、执行、留痕和复盘。该制度强调流程透明、职责明确、数据完整和风险前置识别，适合日常运营、跨部门协作、项目交付和审计检查等场景。\n1. 适用范围包括正式员工、试用期员工、实习生、外包人员以及经授权访问公司系统的合作伙伴。制度执行时应以业务连续性、风险可控和责任清晰为原则。\n2. 所有流程均应在公司指定系统中发起和留痕，口头沟通只能作为辅助说明，不能替代审批记录。涉及资金、客户数据、源代码、合同文本和员工个人信息的事项必须保留完整操作日志。\n3. 申请人负责保证提交材料真实、完整、及时；直属主管负责判断业务必要性和资源合理性；职能部门负责制度合规性审核；最终审批人对审批结果承担管理责任。\n4. 常见异常包括材料缺失、审批链路错误、超期提交、预算不足、权限范围过大、交接不完整和重复申请。发现异常后应先暂停执行，再补充说明并重新提交审批。\n5. 系统记录是后续审计、复盘和责任界定的重要依据。任何人不得绕过系统私自处理，也不得要求他人代填、代签、代审批或删除真实记录。"", ""### IT服务与信息安全 - 账号权限\n账号权限制度用于规范IT服务与信息安全相关事项的申请、审批、执行、留痕和复盘。该制度强调流程透明、职责明确、数据完整和风险前置识别，适合日常运营、跨部门协作、项目交付和审计检查等场景。\n1. 适用范围包括正式员工、试用期员工、实习生、外包人员以及经授权访问公司系统的合作伙伴。制度执行时应以业务连续性、风险可控和责任清晰为原则。\n2. 所有流程均应在公司指定系统中发起和留痕，口头沟通只能作为辅助说明，不能替代审批记录。涉及资金、客户数据、源代码、合同文本和员工个人信息的事项必须保留完整操作日志。\n3. 申请人负责保证提交材料真实、完整、及时；直属主管负责判断业务必要性和资源合理性；职能部门负责制度合规性审核；最终审批人对审批结果承担管理责任。\n4. 常见异常包括材料缺失、审批链路错误、超期提交、预算不足、权限范围过大、交接不完整和重复申请。发现异常后应先暂停执行，再补充说明并重新提交审批。\n5. 系统记录是后续审计、复盘和责任界定的重要依据。任何人不得绕过系统私自处理，也不得要求他人代填、代签、代审批或删除真实记录。"", ""### IT服务与信息安全 - 账号权限\n账号权限制度用于规范IT服务与信息安全相关事项的申请、审批、执行、留痕和复盘。该制度强调流程透明、职责明确、数据完整和风险前置识别，适合日常运营、跨部门协作、项目交付和审计检查等场景。\n1. 适用范围包括正式员工、试用期员工、实习生、外包人员以及经授权访问公司系统的合作伙伴。制度执行时应以业务连续性、风险可控和责任清晰为原则。\n2. 所有流程均应在公司指定系统中发起和留痕，口头沟通只能作为辅助说明，不能替代审批记录。涉及资金、客户数据、源代码、合同文本和员工个人信息的事项必须保留完整操作日志。\n3. 申请人负责保证提交材料真实、完整、及时；直属主管负责判断业务必要性和资源合理性；职能部门负责制度合规性审核；最终审批人对审批结果承担管理责任。\n4. 常见异常包括材料缺失、审批链路错误、超期提交、预算不足、权限范围过大、交接不完整和重复申请。发现异常后应先暂停执行，再补充说明并重新提交审批。\n5. 系统记录是后续审计、复盘和责任界定的重要依据。任何人不得绕过系统私自处理，也不得要求他人代填、代签、代审批或删除真实记录。"", ""### IT服务与信息安全 - 账号权限\n账号权限制度用于规范IT服务与信息安全相关事项的申请、审批、执行、留痕和复盘。该制度强调流程透明、职责明确、数据完整和风险前置识别，适合日常运营、跨部门协作、项目交付和审计检查等场景。\n1. 适用范围包括正式员工、试用期员工、实习生、外包人员以及经授权访问公司系统的合作伙伴。制度执行时应以业务连续性、风险可控和责任清晰为原则。\n2. 所有流程均应在公司指定系统中发起和留痕，口头沟通只能作为辅助说明，不能替代审批记录。涉及资金、客户数据、源代码、合同文本和员工个人信息的事项必须保留完整操作日志。\n3. 申请人负责保证提交材料真实、完整、及时；直属主管负责判断业务必要性和资源合理性；职能部门负责制度合规性审核；最终审批人对审批结果承担管理责任。\n4. 常见异常包括材料缺失、审批链路错误、超期提交、预算不足、权限范围过大、交接不完整和重复申请。发现异常后应先暂停执行，再补充说明并重新提交审批。\n5. 系统记录是后续审计、复盘和责任界定的重要依据。任何人不得绕过系统私自处理，也不得要求他人代填、代签、代审批或删除真实记录。"", ""6. 若制度条款与法律法规、客户合同或监管要求存在冲突，应优先遵循更严格的要求，并及时通知法务、人力资源或信息安全负责人进行确认。""]","[""如果涉及个人信息、敏感商业数据或公司核心资产，应遵循最小权限原则，只授权完成任务所必需的人员和时长。""]"
新人培训结束后，为什么要把经验更新到知识库？,"将新人培训的经验更新到知识库中，主要是为了实现知识的沉淀和共享，从而提升整体团队的效率和能力。具体原因包括：

1. **知识沉淀**：通过将培训过程中积累的经验、方法和问题解决方案记录在知识库中，可以避免重复劳动，为后续的培训和工作提供参考。

2. **经验共享**：知识库为所有相关人员提供了一个统一的知识平台，便于大家获取和学习，促进团队内部的知识传播和协作。

3. **持续改进**：通过不断更新知识库内容，可以发现培训中的不足并进行优化，从而提升培训质量和效果。

4. **风险控制**：知识库中的记录可以作为后续审计、复盘和责任界定的重要依据，有助于识别和规避潜在风险。

5. **支持决策**：知识库中的信息可以为管理层提供数据支持，帮助其做出更科学的决策。

因此，将新人培训的经验更新到知识库是确保知识有效利用和持续发展的关键步骤。","[""### 培训发展与知识沉淀 - 知识库维护\n知识库维护制度用于规范培训发展与知识沉淀相关事项的申请、审批、执行、留痕和复盘。该制度强调流程透明、职责明确、数据完整和风险前置识别，适合日常运营、跨部门协作、项目交付和审计检查等场景。\n1. 适用范围包括正式员工、试用期员工、实习生、外包人员以及经授权访问公司系统的合作伙伴。制度执行时应以业务连续性、风险可控和责任清晰为原则。\n2. 所有流程均应在公司指定系统中发起和留痕，口头沟通只能作为辅助说明，不能替代审批记录。涉及资金、客户数据、源代码、合同文本和员工个人信息的事项必须保留完整操作日志。\n3. 申请人负责保证提交材料真实、完整、及时；直属主管负责判断业务必要性和资源合理性；职能部门负责制度合规性审核；最终审批人对审批结果承担管理责任。\n4. 常见异常包括材料缺失、审批链路错误、超期提交、预算不足、权限范围过大、交接不完整和重复申请。发现异常后应先暂停执行，再补充说明并重新提交审批。\n5. 系统记录是后续审计、复盘和责任界定的重要依据。任何人不得绕过系统私自处理，也不得要求他人代填、代签、代审批或删除真实记录。"", ""### 培训发展与知识沉淀 - 新人培训\n新人培训制度用于规范培训发展与知识沉淀相关事项的申请、审批、执行、留痕和复盘。该制度强调流程透明、职责明确、数据完整和风险前置识别，适合日常运营、跨部门协作、项目交付和审计检查等场景。\n1. 适用范围包括正式员工、试用期员工、实习生、外包人员以及经授权访问公司系统的合作伙伴。制度执行时应以业务连续性、风险可控和责任清晰为原则。\n2. 所有流程均应在公司指定系统中发起和留痕，口头沟通只能作为辅助说明，不能替代审批记录。涉及资金、客户数据、源代码、合同文本和员工个人信息的事项必须保留完整操作日志。\n3. 申请人负责保证提交材料真实、完整、及时；直属主管负责判断业务必要性和资源合理性；职能部门负责制度合规性审核；最终审批人对审批结果承担管理责任。\n4. 常见异常包括材料缺失、审批链路错误、超期提交、预算不足、权限范围过大、交接不完整和重复申请。发现异常后应先暂停执行，再补充说明并重新提交审批。\n5. 系统记录是后续审计、复盘和责任界定的重要依据。任何人不得绕过系统私自处理，也不得要求他人代填、代签、代审批或删除真实记录。""]","[""培训和流程结束后应沉淀处理经验，将常见问题、判断标准和注意事项更新到知识库，供后续团队复用。""]"
岗位认证审批被退回后应该怎么办？,"如果岗位认证审批被退回，应按照以下步骤处理：

1. **查明原因**：首先查看审批系统中的退回原因或相关反馈信息，明确被退回的具体原因，例如材料缺失、审批链路错误、预算不足等。

2. **补充或修改材料**：根据退回原因，及时补充缺失的材料或修改不符合要求的内容，确保提交的材料真实、完整、及时。

3. **重新提交审批**：在完成材料补充或修改后，通过公司指定系统重新发起审批流程，并确保审批链路正确。

4. **沟通协调**：如对退回原因有疑问或需要进一步解释，可与直属主管或相关职能部门沟通，确认具体要求并获得指导。

5. **避免重复申请**：确保在问题解决后再重新提交，避免因相同问题再次被退回。

6. **注意时效性**：留意审批的时效要求，避免因超期提交而影响业务进展。

请始终遵循制度规定，确保流程合规、数据完整。","[""### 培训发展与知识沉淀 - 岗位认证\n岗位认证制度用于规范培训发展与知识沉淀相关事项的申请、审批、执行、留痕和复盘。该制度强调流程透明、职责明确、数据完整和风险前置识别，适合日常运营、跨部门协作、项目交付和审计检查等场景。\n1. 适用范围包括正式员工、试用期员工、实习生、外包人员以及经授权访问公司系统的合作伙伴。制度执行时应以业务连续性、风险可控和责任清晰为原则。\n2. 所有流程均应在公司指定系统中发起和留痕，口头沟通只能作为辅助说明，不能替代审批记录。涉及资金、客户数据、源代码、合同文本和员工个人信息的事项必须保留完整操作日志。\n3. 申请人负责保证提交材料真实、完整、及时；直属主管负责判断业务必要性和资源合理性；职能部门负责制度合规性审核；最终审批人对审批结果承担管理责任。\n4. 常见异常包括材料缺失、审批链路错误、超期提交、预算不足、权限范围过大、交接不完整和重复申请。发现异常后应先暂停执行，再补充说明并重新提交审批。\n5. 系统记录是后续审计、复盘和责任界定的重要依据。任何人不得绕过系统私自处理，也不得要求他人代填、代签、代审批或删除真实记录。""]","[""申请人应根据退回原因补充材料或调整方案，不得重复提交相同内容，也不得绕过原审批链路。""]"
历史制度与新制度不一致时应该以哪个为准？,当历史制度与新制度出现不一致时，通常应以最新发布的制度为准。不过，如果新制度的条款与现行法律法规、客户合同或监管要求存在冲突，那么应当优先遵循更严格的要求，并且需要及时通知法务、人力资源或信息安全负责人进行进一步确认和处理。这样可以确保公司的操作既符合内部管理规定，也遵守外部法律和合同义务。,"[""6. 若制度条款与法律法规、客户合同或监管要求存在冲突，应优先遵循更严格的要求，并及时通知法务、人力资源或信息安全负责人进行确认。""]","[""历史制度与新制度不一致时，应以最新发布且仍在有效期内的制度为准，特殊项目可按合同或项目批复执行。""]"
制度执行中如果只看形式不看业务目标，会产生什么问题？,"制度执行中如果只看形式不看业务目标，会产生以下问题：

1. **流程空转**：员工可能会机械地遵循制度规定的形式要求，而忽略了实际业务目标的实现。这会导致流程变得冗长且缺乏灵活性，无法有效应对业务中的实际需求。

2. **效率低下**：过分注重形式上的合规性会增加不必要的工作量，导致处理事务的时间延长，降低整体工作效率。例如，在审批过程中，如果仅仅关注文件格式是否正确、签字是否齐全，而忽视了内容的合理性及紧迫性，就可能延误重要事项的处理。

3. **资源浪费**：当制度执行过于僵化时，可能会造成人力资源和其他资源的不合理分配与使用，进而影响到企业的运营成本和效益。

4. **创新能力受限**：长期处于这种环境下，团队成员可能会变得不愿意尝试新方法或提出改进建议，因为担心不符合现有规则而导致麻烦。这样一来，组织的整体创新能力和竞争力都将受到负面影响。

因此，在确保合规的前提下，应该更加注重如何通过灵活高效的手段达成业务目标，而不是单纯追求表面的形式符合。","[""风险控制：\n- 风险点一：审批缺失会导致责任无法追溯，严重时可能形成财务、合同或信息安全风险。\n- 风险点二：材料不完整会影响处理效率，也会导致后续稽核无法证明事项真实性。\n- 风险点三：权限长期不回收会增加数据泄露和误操作概率，应定期盘点。\n- 风险点四：跨部门信息不一致会导致重复劳动、客户体验下降或项目延期。\n- 风险点五：制度执行只看形式不看业务目标，会造成流程空转，应在合规前提下保证效率。\n\n常见问答：\n问：是否可以先执行后审批？\n答：原则上不可以。只有紧急事故、客户重大风险或系统中断等特殊情况可以先处理，但必须补充审批和说明。\n问：审批被退回怎么办？\n答：申请人应根据退回原因补充材料或调整方案，不得重复提交相同内容，也不得绕过原审批链路。\n问：谁负责最终解释？\n答：由制度归口部门负责解释；涉及多个部门时，由归口部门牵头会同法务、人力资源、财务或信息安全共同确认。\n问：历史制度与新制度不一致怎么办？\n答：以最新发布且仍在有效期内的制度为准，特殊项目可按合同或项目批复执行。""]","[""制度执行只看形式不看业务目标会造成流程空转，因此应在合规前提下保证效率。""]"
采购付款事项为什么要保留完整操作日志？,"保留完整操作日志对于采购付款事项非常重要，主要原因包括：

1. **提高透明度**：完整的操作日志可以记录下每一个步骤的具体执行情况，有助于提高整个流程的透明度。这不仅有利于内部监督，还能增强外部合作伙伴对公司的信任。

2. **确保合规性**：通过保留详细的操作记录，可以帮助公司确保所有活动都符合相关法律法规及内部规章制度的要求。这对于预防潜在的法律风险至关重要。

3. **便于审计与复盘**：当需要进行财务审计或事后分析时，详尽的日志资料能够提供强有力的支持，使得审查过程更加高效准确。同时，在出现问题时也能快速定位原因并采取相应措施。

4. **责任清晰**：明确记录每位参与者的行为及其结果，可以在发生争议时作为证据使用，帮助划分各自的责任范围，避免不必要的误会和纠纷。

5. **风险管理**：通过对历史数据的分析，企业可以更好地识别出存在的问题或潜在的风险点，并据此调整策略以降低未来可能出现的风险。

总之，保持完整且准确的操作日志是保障采购付款过程中各项事务顺利开展的基础之一，也是维护公司利益、促进健康发展的关键因素。","[""### 财务报销与预算管理 - 采购付款\n采购付款制度用于规范财务报销与预算管理相关事项的申请、审批、执行、留痕和复盘。该制度强调流程透明、职责明确、数据完整和风险前置识别，适合日常运营、跨部门协作、项目交付和审计检查等场景。\n1. 适用范围包括正式员工、试用期员工、实习生、外包人员以及经授权访问公司系统的合作伙伴。制度执行时应以业务连续性、风险可控和责任清晰为原则。\n2. 所有流程均应在公司指定系统中发起和留痕，口头沟通只能作为辅助说明，不能替代审批记录。涉及资金、客户数据、源代码、合同文本和员工个人信息的事项必须保留完整操作日志。\n3. 申请人负责保证提交材料真实、完整、及时；直属主管负责判断业务必要性和资源合理性；职能部门负责制度合规性审核；最终审批人对审批结果承担管理责任。\n4. 常见异常包括材料缺失、审批链路错误、超期提交、预算不足、权限范围过大、交接不完整和重复申请。发现异常后应先暂停执行，再补充说明并重新提交审批。\n5. 系统记录是后续审计、复盘和责任界定的重要依据。任何人不得绕过系统私自处理，也不得要求他人代填、代签、代审批或删除真实记录。""]","[""采购付款涉及资金事项，必须保留完整操作日志，以便审计、复盘和责任界定。""]"
供应商准入流程中，直属主管主要审核什么？,在供应商准入流程中，直属主管主要审核事项是否符合当前业务目标和团队资源安排。,"[""操作流程：\n步骤1：发起人确认业务背景、目标、范围、预算或资源需求，并准备必要附件。\n步骤2：直属主管进行必要性审核，重点判断事项是否符合当前业务目标和团队资源安排。\n步骤3：归口部门进行制度审核，确认材料、权限、金额、合同、数据范围或交付边界是否合规。\n步骤4：审批通过后由责任人执行，并在系统中记录关键节点、执行结果和异常情况。\n步骤5：流程完成后进行归档，必要时组织复盘，将可复用经验更新到团队知识库。""]","[""直属主管主要进行必要性审核，判断事项是否符合当前业务目标和团队资源安排。""]"
数据备份事项如果涉及客户资料，应注意什么？,"如果数据备份事项涉及客户资料，应特别注意以下几点：

1. **数据完整性**：确保客户资料在备份过程中完整无误，避免因数据丢失或损坏影响客户利益。

2. **操作日志保留**：对于涉及客户资料的数据备份操作，必须保留完整的操作日志，包括操作时间、操作人、操作内容等信息，以便后续审计和责任界定。

3. **审批流程合规性**：所有涉及客户资料的备份操作应在公司指定系统中发起和留痕，确保审批流程透明、职责明确，并符合制度要求。

4. **权限控制**：仅限授权人员进行客户资料的备份操作，防止未经授权的访问或泄露。

5. **风险前置识别**：在执行备份前，应识别可能存在的风险，如数据泄露、权限滥用等，并采取相应的防范措施。

6. **保密性与安全性**：备份数据应妥善存储，确保其安全性和保密性，防止因外部攻击或内部失误导致客户资料泄露。

7. **业务连续性**：确保备份操作不会对正常业务造成影响，保障业务的连续性和稳定性。

8. **责任清晰**：明确各环节的责任人，确保在出现问题时能够迅速定位并处理。

以上注意事项有助于确保客户资料在数据备份过程中的安全、合规和可控。","[""### IT服务与信息安全 - 数据备份\n数据备份制度用于规范IT服务与信息安全相关事项的申请、审批、执行、留痕和复盘。该制度强调流程透明、职责明确、数据完整和风险前置识别，适合日常运营、跨部门协作、项目交付和审计检查等场景。\n1. 适用范围包括正式员工、试用期员工、实习生、外包人员以及经授权访问公司系统的合作伙伴。制度执行时应以业务连续性、风险可控和责任清晰为原则。\n2. 所有流程均应在公司指定系统中发起和留痕，口头沟通只能作为辅助说明，不能替代审批记录。涉及资金、客户数据、源代码、合同文本和员工个人信息的事项必须保留完整操作日志。\n3. 申请人负责保证提交材料真实、完整、及时；直属主管负责判断业务必要性和资源合理性；职能部门负责制度合规性审核；最终审批人对审批结果承担管理责任。\n4. 常见异常包括材料缺失、审批链路错误、超期提交、预算不足、权限范围过大、交接不完整和重复申请。发现异常后应先暂停执行，再补充说明并重新提交审批。\n5. 系统记录是后续审计、复盘和责任界定的重要依据。任何人不得绕过系统私自处理，也不得要求他人代填、代签、代审批或删除真实记录。""]","[""涉及客户资料时应遵循最小权限原则，使用合规流程审批并保留完整操作日志，不得传播给无关人员。""]"
网络安全应急处理中，紧急处理后还需要补什么材料？,"根据应急响应制度，紧急处理后需要补的材料包括：

1. **系统记录**：必须在两个工作日内补齐系统中的记录，确保流程透明和可追溯。
2. **审批附件**：补充相关的审批附件，以证明处理过程的合规性和必要性。
3. **处理结论**：详细说明紧急处理的结果、影响范围以及后续措施。

这些材料的补充是为了确保整个应急处理过程符合制度要求，并为后续的审计、复盘和责任界定提供依据。","[""### IT服务与信息安全 - 应急响应\n应急响应制度用于规范IT服务与信息安全相关事项的申请、审批、执行、留痕和复盘。该制度强调流程透明、职责明确、数据完整和风险前置识别，适合日常运营、跨部门协作、项目交付和审计检查等场景。\n1. 适用范围包括正式员工、试用期员工、实习生、外包人员以及经授权访问公司系统的合作伙伴。制度执行时应以业务连续性、风险可控和责任清晰为原则。\n2. 所有流程均应在公司指定系统中发起和留痕，口头沟通只能作为辅助说明，不能替代审批记录。涉及资金、客户数据、源代码、合同文本和员工个人信息的事项必须保留完整操作日志。\n3. 申请人负责保证提交材料真实、完整、及时；直属主管负责判断业务必要性和资源合理性；职能部门负责制度合规性审核；最终审批人对审批结果承担管理责任。\n4. 常见异常包括材料缺失、审批链路错误、超期提交、预算不足、权限范围过大、交接不完整和重复申请。发现异常后应先暂停执行，再补充说明并重新提交审批。\n5. 系统记录是后续审计、复盘和责任界定的重要依据。任何人不得绕过系统私自处理，也不得要求他人代填、代签、代审批或删除真实记录。"", ""典型场景：\n- 员工首次遇到该事项时，应先查阅制度说明，再咨询直属主管或流程负责人，避免因理解偏差造成返工。\n- 跨部门协作场景下，发起部门应提前说明背景、目标、截止时间、影响范围和所需支持，接收部门应在一个工作日内确认是否能够承接。\n- 紧急场景可以先通过电话或即时通讯同步风险，但事后两个工作日内必须补齐系统记录、审批附件和处理结论。\n- 如果事项涉及客户承诺，应先确认合同边界和服务等级，不得擅自承诺超出合同范围的交付内容、响应时间或赔偿条件。\n- 如果事项涉及个人信息、敏感商业数据或公司核心资产，应遵循最小权限原则，只授权完成任务所必需的人员和时长。\n- 流程结束后，负责人应沉淀处理经验，将常见问题、判断标准和注意事项更新到知识库，供后续团队复用。""]","[""紧急处理后两个工作日内必须补齐系统记录、审批附件和处理结论。""]"
会议机制中，流程完成后为什么要更新团队知识库？,在会议机制中，流程完成后更新团队知识库是为了沉淀处理经验，将常见问题、判断标准和注意事项更新到知识库，供后续团队复用。这样可以提高团队的整体效率和一致性，减少重复劳动和错误发生，同时确保信息的透明和可追溯性。,"[""典型场景：\n- 员工首次遇到该事项时，应先查阅制度说明，再咨询直属主管或流程负责人，避免因理解偏差造成返工。\n- 跨部门协作场景下，发起部门应提前说明背景、目标、截止时间、影响范围和所需支持，接收部门应在一个工作日内确认是否能够承接。\n- 紧急场景可以先通过电话或即时通讯同步风险，但事后两个工作日内必须补齐系统记录、审批附件和处理结论。\n- 如果事项涉及客户承诺，应先确认合同边界和服务等级，不得擅自承诺超出合同范围的交付内容、响应时间或赔偿条件。\n- 如果事项涉及个人信息、敏感商业数据或公司核心资产，应遵循最小权限原则，只授权完成任务所必需的人员和时长。\n- 流程结束后，负责人应沉淀处理经验，将常见问题、判断标准和注意事项更新到知识库，供后续团队复用。"", ""### 公司治理与组织管理 - 会议机制\n会议机制制度用于规范公司治理与组织管理相关事项的申请、审批、执行、留痕和复盘。该制度强调流程透明、职责明确、数据完整和风险前置识别，适合日常运营、跨部门协作、项目交付和审计检查等场景。\n1. 适用范围包括正式员工、试用期员工、实习生、外包人员以及经授权访问公司系统的合作伙伴。制度执行时应以业务连续性、风险可控和责任清晰为原则。\n2. 所有流程均应在公司指定系统中发起和留痕，口头沟通只能作为辅助说明，不能替代审批记录。涉及资金、客户数据、源代码、合同文本和员工个人信息的事项必须保留完整操作日志。\n3. 申请人负责保证提交材料真实、完整、及时；直属主管负责判断业务必要性和资源合理性；职能部门负责制度合规性审核；最终审批人对审批结果承担管理责任。\n4. 常见异常包括材料缺失、审批链路错误、超期提交、预算不足、权限范围过大、交接不完整和重复申请。发现异常后应先暂停执行，再补充说明并重新提交审批。\n5. 系统记录是后续审计、复盘和责任界定的重要依据。任何人不得绕过系统私自处理，也不得要求他人代填、代签、代审批或删除真实记录。"", ""### 培训发展与知识沉淀 - 知识库维护\n知识库维护制度用于规范培训发展与知识沉淀相关事项的申请、审批、执行、留痕和复盘。该制度强调流程透明、职责明确、数据完整和风险前置识别，适合日常运营、跨部门协作、项目交付和审计检查等场景。\n1. 适用范围包括正式员工、试用期员工、实习生、外包人员以及经授权访问公司系统的合作伙伴。制度执行时应以业务连续性、风险可控和责任清晰为原则。\n2. 所有流程均应在公司指定系统中发起和留痕，口头沟通只能作为辅助说明，不能替代审批记录。涉及资金、客户数据、源代码、合同文本和员工个人信息的事项必须保留完整操作日志。\n3. 申请人负责保证提交材料真实、完整、及时；直属主管负责判断业务必要性和资源合理性；职能部门负责制度合规性审核；最终审批人对审批结果承担管理责任。\n4. 常见异常包括材料缺失、审批链路错误、超期提交、预算不足、权限范围过大、交接不完整和重复申请。发现异常后应先暂停执行，再补充说明并重新提交审批。\n5. 系统记录是后续审计、复盘和责任界定的重要依据。任何人不得绕过系统私自处理，也不得要求他人代填、代签、代审批或删除真实记录。""]","[""流程完成后更新团队知识库可以沉淀常见问题、判断标准和注意事项，方便后续团队复用。""]"
组织架构事项涉及多个部门时，谁负责解释制度？,在组织架构事项涉及多个部门时，制度的解释通常由公司内部的职能部门负责。职能部门负责制度合规性审核，并对制度的执行和解释提供专业支持。如果需要进一步澄清或解决跨部门的制度适用问题，可以咨询公司内部的合规部门或相关制度的制定者。,"[""### 公司治理与组织管理 - 制度发布\n制度发布制度用于规范公司治理与组织管理相关事项的申请、审批、执行、留痕和复盘。该制度强调流程透明、职责明确、数据完整和风险前置识别，适合日常运营、跨部门协作、项目交付和审计检查等场景。\n1. 适用范围包括正式员工、试用期员工、实习生、外包人员以及经授权访问公司系统的合作伙伴。制度执行时应以业务连续性、风险可控和责任清晰为原则。\n2. 所有流程均应在公司指定系统中发起和留痕，口头沟通只能作为辅助说明，不能替代审批记录。涉及资金、客户数据、源代码、合同文本和员工个人信息的事项必须保留完整操作日志。\n3. 申请人负责保证提交材料真实、完整、及时；直属主管负责判断业务必要性和资源合理性；职能部门负责制度合规性审核；最终审批人对审批结果承担管理责任。\n4. 常见异常包括材料缺失、审批链路错误、超期提交、预算不足、权限范围过大、交接不完整和重复申请。发现异常后应先暂停执行，再补充说明并重新提交审批。\n5. 系统记录是后续审计、复盘和责任界定的重要依据。任何人不得绕过系统私自处理，也不得要求他人代填、代签、代审批或删除真实记录。""]","[""由制度归口部门负责解释；涉及多个部门时，由归口部门牵头会同法务、人力资源、财务或信息安全共同确认。""]"
差旅报销被退回时，申请人可以绕过原审批链路吗？,"根据差旅报销制度的规定，申请人**不能绕过原审批链路**。所有流程均应在公司指定系统中发起和留痕，口头沟通只能作为辅助说明，不能替代审批记录。任何人不得绕过系统私自处理，也不得要求他人代填、代签、代审批或删除真实记录。

如果差旅报销被退回，申请人应按照规定补充说明并重新提交审批，而不是绕过原审批链路。","[""### 财务报销与预算管理 - 差旅报销\n差旅报销制度用于规范财务报销与预算管理相关事项的申请、审批、执行、留痕和复盘。该制度强调流程透明、职责明确、数据完整和风险前置识别，适合日常运营、跨部门协作、项目交付和审计检查等场景。\n1. 适用范围包括正式员工、试用期员工、实习生、外包人员以及经授权访问公司系统的合作伙伴。制度执行时应以业务连续性、风险可控和责任清晰为原则。\n2. 所有流程均应在公司指定系统中发起和留痕，口头沟通只能作为辅助说明，不能替代审批记录。涉及资金、客户数据、源代码、合同文本和员工个人信息的事项必须保留完整操作日志。\n3. 申请人负责保证提交材料真实、完整、及时；直属主管负责判断业务必要性和资源合理性；职能部门负责制度合规性审核；最终审批人对审批结果承担管理责任。\n4. 常见异常包括材料缺失、审批链路错误、超期提交、预算不足、权限范围过大、交接不完整和重复申请。发现异常后应先暂停执行，再补充说明并重新提交审批。\n5. 系统记录是后续审计、复盘和责任界定的重要依据。任何人不得绕过系统私自处理，也不得要求他人代填、代签、代审批或删除真实记录。""]","[""不可以。审批被退回后，申请人应根据退回原因补充材料或调整方案，不得绕过原审批链路。""]"
知识库维护制度要求回答用户问题时如何处理信息不足？,根据知识库维护制度的要求，如果在回答用户问题时信息不足，应直接说明信息不足，不应编造制度。,"[""补充说明：编号 KB-0034 的条款可作为内部问答、RAG检索、流程机器人和员工自助服务的参考依据。回答用户问题时，应优先引用与问题最相关的条款；如果知识库没有明确依据，应说明信息不足，不应编造制度。"", ""补充说明：编号 KB-0003 的条款可作为内部问答、RAG检索、流程机器人和员工自助服务的参考依据。回答用户问题时，应优先引用与问题最相关的条款；如果知识库没有明确依据，应说明信息不足，不应编造制度。"", ""补充说明：编号 KB-0036 的条款可作为内部问答、RAG检索、流程机器人和员工自助服务的参考依据。回答用户问题时，应优先引用与问题最相关的条款；如果知识库没有明确依据，应说明信息不足，不应编造制度。"", ""补充说明：编号 KB-0032 的条款可作为内部问答、RAG检索、流程机器人和员工自助服务的参考依据。回答用户问题时，应优先引用与问题最相关的条款；如果知识库没有明确依据，应说明信息不足，不应编造制度。"", ""补充说明：编号 KB-0007 的条款可作为内部问答、RAG检索、流程机器人和员工自助服务的参考依据。回答用户问题时，应优先引用与问题最相关的条款；如果知识库没有明确依据，应说明信息不足，不应编造制度。""]","[""回答用户问题时应优先引用与问题最相关的条款；如果知识库没有明确依据，应说明信息不足，不应编造制度。""]"
